customer_id,recency,frequency,monetary,r_score,f_score,m_score,rfm_score,total_score,segment
CUST-1000,487,2,4936.1,1,2,2,122,5,Churned
CUST-1001,325,2,6593.7,2,2,2,222,6,Churned
CUST-1002,27,3,10854.3,5,3,4,534,12,Loyal
CUST-1003,278,3,15120.08,2,3,4,234,9,At Risk
CUST-1004,37,3,9269.64,5,3,3,533,11,Loyal
CUST-1005,49,7,28778.05,5,5,5,555,15,High Value
CUST-1006,1,3,2183.78,5,3,1,531,9,Loyal
CUST-1007,36,6,34388.37,5,5,5,555,15,High Value
CUST-1009,220,2,3679.65,3,2,2,322,7,Potential
CUST-1010,241,1,3851.94,2,1,2,212,5,Churned
CUST-1011,73,2,7147.76,4,2,3,423,9,New Customer
CUST-1012,402,2,2721.73,1,2,1,121,4,Churned
CUST-1013,582,2,6915.05,1,2,2,122,5,Churned
CUST-1014,103,3,3119.19,4,3,1,431,8,Loyal
CUST-1015,487,2,7372.09,1,2,3,123,6,Churned
CUST-1016,14,2,9613.65,5,2,3,523,10,New Customer
CUST-1017,245,4,7351.55,2,4,3,243,9,At Risk
CUST-1018,69,4,6317.93,4,4,2,442,10,Loyal
CUST-1019,289,2,2534.45,2,2,1,221,5,Churned
CUST-1020,43,1,2264.72,5,1,1,511,7,New Customer
CUST-1021,203,2,7005.66,3,2,3,323,8,Potential
CUST-1022,429,1,1245.02,1,1,1,111,3,Churned
CUST-1023,200,3,14731.36,3,3,4,334,10,Loyal
CUST-1024,215,3,12450.74,3,3,4,334,10,Loyal
CUST-1025,29,2,1772.23,5,2,1,521,8,New Customer
CUST-1026,188,2,1483.6,3,2,1,321,6,Potential
CUST-1027,531,1,323.91,1,1,1,111,3,Churned
CUST-1028,571,1,5482.2,1,1,2,112,4,Churned
CUST-1029,251,2,9866.01,2,2,3,223,7,Churned
CUST-1030,84,3,20279.67,4,3,5,435,12,Loyal
CUST-1031,197,1,6667.68,3,1,2,312,6,Potential
CUST-1033,94,4,7449.26,4,4,3,443,11,Loyal
CUST-1034,115,3,11713.92,4,3,4,434,11,Loyal
CUST-1036,221,3,13574.24,3,3,4,334,10,Loyal
CUST-1037,407,4,4603.39,1,4,2,142,7,At Risk
CUST-1038,533,2,6778.74,1,2,2,122,5,Churned
CUST-1039,92,2,8575.4,4,2,3,423,9,New Customer
CUST-1040,459,3,22227.84,1,3,5,135,9,At Risk
CUST-1041,8,3,4536.37,5,3,2,532,10,Loyal
CUST-1042,169,1,292.93,3,1,1,311,5,Potential
CUST-1043,178,1,1249.91,3,1,1,311,5,Potential
CUST-1044,563,4,22315.17,1,4,5,145,10,At Risk
CUST-1045,46,3,6367.2,5,3,2,532,10,Loyal
CUST-1047,111,1,5021.2,4,1,2,412,7,New Customer
CUST-1048,257,1,3092.15,2,1,1,211,4,Churned
CUST-1049,463,1,772.46,1,1,1,111,3,Churned
CUST-1050,257,3,15182.01,2,3,4,234,9,At Risk
CUST-1051,132,4,10548.32,4,4,4,444,12,High Value
CUST-1052,27,4,12512.53,5,4,4,544,13,High Value
CUST-1053,307,5,13846.87,2,5,4,254,11,At Risk
CUST-1056,297,6,39121.91,2,5,5,255,12,At Risk
CUST-1057,219,2,6330.8,3,2,2,322,7,Potential
CUST-1059,137,5,14616.23,3,5,4,354,12,Loyal
CUST-1060,108,3,17842.85,4,3,5,435,12,Loyal
CUST-1061,88,7,37013.32,4,5,5,455,14,High Value
CUST-1062,29,6,30608.67,5,5,5,555,15,High Value
CUST-1063,248,2,9356.64,2,2,3,223,7,Churned
CUST-1064,25,5,6241.29,5,5,2,552,12,Loyal
CUST-1065,20,2,379.68,5,2,1,521,8,New Customer
CUST-1066,10,9,33221.75,5,5,5,555,15,High Value
CUST-1067,339,4,13595.05,2,4,4,244,10,At Risk
CUST-1068,6,7,19235.45,5,5,5,555,15,High Value
CUST-1069,194,3,18430.46,3,3,5,335,11,Loyal
CUST-1070,127,3,12183.08,4,3,4,434,11,Loyal
CUST-1071,187,3,4890.18,3,3,2,332,8,Loyal
CUST-1073,185,1,4833.07,3,1,2,312,6,Potential
CUST-1074,421,2,14092.88,1,2,4,124,7,Churned
CUST-1075,653,1,11648.25,1,1,4,114,6,Churned
CUST-1076,90,4,20955.54,4,4,5,445,13,High Value
CUST-1077,449,4,20041.64,1,4,5,145,10,At Risk
CUST-1079,80,5,12248.55,4,5,4,454,13,High Value
CUST-1080,187,2,1401.46,3,2,1,321,6,Potential
CUST-1081,33,3,9604.48,5,3,3,533,11,Loyal
CUST-1082,115,2,3620.34,4,2,1,421,7,New Customer
CUST-1083,32,3,10581.24,5,3,4,534,12,Loyal
CUST-1084,171,3,16142.24,3,3,5,335,11,Loyal
CUST-1085,618,2,12161.78,1,2,4,124,7,Churned
CUST-1086,104,2,3603.41,4,2,1,421,7,New Customer
CUST-1087,188,2,13718.06,3,2,4,324,9,Potential
CUST-1088,322,2,8608.27,2,2,3,223,7,Churned
CUST-1089,402,1,5890.36,1,1,2,112,4,Churned
CUST-1091,325,3,4291.82,2,3,2,232,7,At Risk
CUST-1092,357,2,1407.0,2,2,1,221,5,Churned
CUST-1093,251,3,10945.25,2,3,4,234,9,At Risk
CUST-1095,252,5,7264.32,2,5,3,253,10,At Risk
CUST-1096,201,2,1507.34,3,2,1,321,6,Potential
CUST-1097,133,3,16376.46,3,3,5,335,11,Loyal
CUST-1098,229,2,1614.76,3,2,1,321,6,Potential
CUST-1099,128,6,33008.44,4,5,5,455,14,High Value
CUST-1100,287,5,18946.82,2,5,5,255,12,At Risk
CUST-1101,70,3,12201.43,4,3,4,434,11,Loyal
CUST-1102,189,4,11879.22,3,4,4,344,11,Loyal
CUST-1103,92,2,4530.82,4,2,2,422,8,New Customer
CUST-1104,134,2,4613.47,3,2,2,322,7,Potential
CUST-1105,162,1,207.62,3,1,1,311,5,Potential
CUST-1106,510,1,4972.59,1,1,2,112,4,Churned
CUST-1107,103,3,6660.14,4,3,2,432,9,Loyal
CUST-1108,347,1,837.76,2,1,1,211,4,Churned
CUST-1109,97,5,9836.81,4,5,3,453,12,Loyal
CUST-1110,64,4,6501.34,4,4,2,442,10,Loyal
CUST-1111,212,5,9107.1,3,5,3,353,11,Loyal
CUST-1112,140,5,14081.11,3,5,4,354,12,Loyal
CUST-1113,149,1,4671.54,3,1,2,312,6,Potential
CUST-1114,612,1,7589.38,1,1,3,113,5,Churned
CUST-1115,718,1,109.06,1,1,1,111,3,Churned
CUST-1117,204,1,1123.53,3,1,1,311,5,Potential
CUST-1118,35,3,13279.08,5,3,4,534,12,Loyal
CUST-1119,332,3,9413.1,2,3,3,233,8,At Risk
CUST-1120,100,7,32146.36,4,5,5,455,14,High Value
CUST-1121,44,4,6493.5,5,4,2,542,11,Loyal
CUST-1122,205,3,6208.77,3,3,2,332,8,Loyal
CUST-1123,278,3,17305.52,2,3,5,235,10,At Risk
CUST-1125,56,3,9530.58,5,3,3,533,11,Loyal
CUST-1126,281,1,4006.5,2,1,2,212,5,Churned
CUST-1127,266,3,12199.4,2,3,4,234,9,At Risk
CUST-1130,470,1,221.3,1,1,1,111,3,Churned
CUST-1131,136,4,8371.38,3,4,3,343,10,Loyal
CUST-1132,644,1,3174.48,1,1,1,111,3,Churned
CUST-1133,494,1,995.65,1,1,1,111,3,Churned
CUST-1134,2,5,24749.49,5,5,5,555,15,High Value
CUST-1135,320,4,16722.82,2,4,5,245,11,At Risk
CUST-1136,343,2,20636.34,2,2,5,225,9,Churned
CUST-1137,365,4,19449.4,2,4,5,245,11,At Risk
CUST-1138,244,2,2825.25,2,2,1,221,5,Churned
CUST-1139,5,2,10104.06,5,2,3,523,10,New Customer
CUST-1140,67,4,15214.2,4,4,4,444,12,High Value
CUST-1141,259,2,4773.02,2,2,2,222,6,Churned
CUST-1143,402,1,7616.64,1,1,3,113,5,Churned
CUST-1144,479,2,9624.25,1,2,3,123,6,Churned
CUST-1145,408,5,17372.12,1,5,5,155,11,At Risk
CUST-1146,497,2,7705.58,1,2,3,123,6,Churned
CUST-1147,565,3,8800.01,1,3,3,133,7,At Risk
CUST-1148,547,1,3736.29,1,1,2,112,4,Churned
CUST-1149,108,5,17324.52,4,5,5,455,14,High Value
CUST-1150,1,4,16653.45,5,4,5,545,14,High Value
CUST-1151,151,4,12388.34,3,4,4,344,11,Loyal
CUST-1152,143,3,12598.47,3,3,4,334,10,Loyal
CUST-1153,29,1,1587.31,5,1,1,511,7,New Customer
CUST-1154,159,2,23477.19,3,2,5,325,10,Potential
CUST-1156,16,2,10046.99,5,2,3,523,10,New Customer
CUST-1157,560,2,7339.74,1,2,3,123,6,Churned
CUST-1158,491,3,8014.23,1,3,3,133,7,At Risk
CUST-1159,178,4,15073.4,3,4,4,344,11,Loyal
CUST-1160,158,7,24823.12,3,5,5,355,13,Loyal
CUST-1161,76,3,19714.78,4,3,5,435,12,Loyal
CUST-1162,179,4,10069.8,3,4,3,343,10,Loyal
CUST-1163,140,2,12955.48,3,2,4,324,9,Potential
CUST-1164,45,4,11278.84,5,4,4,544,13,High Value
CUST-1165,48,1,8661.7,5,1,3,513,9,New Customer
CUST-1166,77,4,20361.02,4,4,5,445,13,High Value
CUST-1167,39,7,36202.54,5,5,5,555,15,High Value
CUST-1168,635,1,7694.23,1,1,3,113,5,Churned
CUST-1169,120,3,10724.43,4,3,4,434,11,Loyal
CUST-1170,170,2,4488.28,3,2,2,322,7,Potential
CUST-1171,574,2,10250.04,1,2,3,123,6,Churned
CUST-1172,240,1,400.16,2,1,1,211,4,Churned
CUST-1173,29,3,14391.39,5,3,4,534,12,Loyal
CUST-1174,52,3,9075.63,5,3,3,533,11,Loyal
CUST-1175,203,3,15912.47,3,3,5,335,11,Loyal
CUST-1176,101,3,9502.79,4,3,3,433,10,Loyal
CUST-1177,38,1,690.13,5,1,1,511,7,New Customer
CUST-1178,291,3,11592.0,2,3,4,234,9,At Risk
CUST-1179,98,4,13129.67,4,4,4,444,12,High Value
CUST-1180,107,1,1153.03,4,1,1,411,6,New Customer
CUST-1181,12,6,28486.86,5,5,5,555,15,High Value
CUST-1183,60,4,25745.94,5,4,5,545,14,High Value
CUST-1184,538,3,14003.43,1,3,4,134,8,At Risk
CUST-1185,180,1,6547.38,3,1,2,312,6,Potential
CUST-1186,209,1,1130.59,3,1,1,311,5,Potential
CUST-1187,121,4,27069.79,4,4,5,445,13,High Value
CUST-1188,137,4,13607.67,3,4,4,344,11,Loyal
CUST-1189,295,2,7665.0,2,2,3,223,7,Churned
CUST-1190,299,1,4735.45,2,1,2,212,5,Churned
CUST-1191,20,3,9747.66,5,3,3,533,11,Loyal
CUST-1192,279,2,6344.34,2,2,2,222,6,Churned
CUST-1194,111,1,1137.99,4,1,1,411,6,New Customer
CUST-1195,51,2,10176.39,5,2,3,523,10,New Customer
CUST-1197,564,2,8335.89,1,2,3,123,6,Churned
CUST-1198,221,3,3643.05,3,3,2,332,8,Loyal
CUST-1199,451,1,2714.76,1,1,1,111,3,Churned
CUST-1201,172,4,19957.27,3,4,5,345,12,Loyal
CUST-1202,28,4,16822.04,5,4,5,545,14,High Value
CUST-1204,15,8,27884.89,5,5,5,555,15,High Value
CUST-1206,502,1,3854.28,1,1,2,112,4,Churned
CUST-1207,212,1,3466.8,3,1,1,311,5,Potential
CUST-1208,405,3,5730.62,1,3,2,132,6,At Risk
CUST-1209,1,3,12357.21,5,3,4,534,12,Loyal
CUST-1210,156,1,2924.34,3,1,1,311,5,Potential
CUST-1212,703,1,11987.28,1,1,4,114,6,Churned
CUST-1213,113,2,4504.04,4,2,2,422,8,New Customer
CUST-1214,246,1,3764.16,2,1,2,212,5,Churned
CUST-1216,135,6,33840.38,3,5,5,355,13,Loyal
CUST-1217,34,6,7332.1,5,5,3,553,13,Loyal
CUST-1218,358,5,9115.03,2,5,3,253,10,At Risk
CUST-1219,240,1,4201.94,2,1,2,212,5,Churned
CUST-1220,212,5,16654.43,3,5,5,355,13,Loyal
CUST-1221,58,2,18302.14,5,2,5,525,12,New Customer
CUST-1222,163,2,7052.34,3,2,3,323,8,Potential
CUST-1223,228,2,12786.96,3,2,4,324,9,Potential
CUST-1224,145,4,19369.37,3,4,5,345,12,Loyal
CUST-1225,169,4,21233.1,3,4,5,345,12,Loyal
CUST-1227,488,3,15389.49,1,3,4,134,8,At Risk
CUST-1228,390,3,14008.66,1,3,4,134,8,At Risk
CUST-1229,107,4,23546.69,4,4,5,445,13,High Value
CUST-1230,13,4,14008.31,5,4,4,544,13,High Value
CUST-1232,112,1,1118.61,4,1,1,411,6,New Customer
CUST-1233,372,1,1378.51,2,1,1,211,4,Churned
CUST-1234,208,4,13388.24,3,4,4,344,11,Loyal
CUST-1235,700,2,12836.56,1,2,4,124,7,Churned
CUST-1236,108,2,3368.85,4,2,1,421,7,New Customer
CUST-1238,375,3,11782.45,2,3,4,234,9,At Risk
CUST-1239,140,2,2103.03,3,2,1,321,6,Potential
CUST-1240,115,4,15306.02,4,4,4,444,12,High Value
CUST-1244,305,1,2528.76,2,1,1,211,4,Churned
CUST-1245,123,2,13534.0,4,2,4,424,10,New Customer
CUST-1246,178,4,12164.59,3,4,4,344,11,Loyal
CUST-1247,361,3,18645.89,2,3,5,235,10,At Risk
CUST-1248,85,3,6210.37,4,3,2,432,9,Loyal
CUST-1249,85,3,16235.96,4,3,5,435,12,Loyal
CUST-1250,368,2,4328.42,2,2,2,222,6,Churned
CUST-1252,241,3,11622.83,2,3,4,234,9,At Risk
CUST-1253,180,2,13599.98,3,2,4,324,9,Potential
CUST-1254,117,3,4011.63,4,3,2,432,9,Loyal
CUST-1255,287,1,1374.41,2,1,1,211,4,Churned
CUST-1257,164,3,8572.36,3,3,3,333,9,Loyal
CUST-1258,7,3,6619.15,5,3,2,532,10,Loyal
CUST-1259,241,1,6669.15,2,1,2,212,5,Churned
CUST-1260,241,3,10352.02,2,3,3,233,8,At Risk
CUST-1261,162,3,15803.72,3,3,5,335,11,Loyal
CUST-1262,226,1,1311.01,3,1,1,311,5,Potential
CUST-1263,286,3,14908.72,2,3,4,234,9,At Risk
CUST-1265,666,3,5956.52,1,3,2,132,6,At Risk
CUST-1266,659,1,10724.16,1,1,4,114,6,Churned
CUST-1267,162,4,2399.13,3,4,1,341,8,Loyal
CUST-1268,82,3,11287.76,4,3,4,434,11,Loyal
CUST-1269,274,4,18225.43,2,4,5,245,11,At Risk
CUST-1270,430,2,3761.81,1,2,2,122,5,Churned
CUST-1271,585,3,13907.45,1,3,4,134,8,At Risk
CUST-1272,509,3,9531.0,1,3,3,133,7,At Risk
CUST-1273,272,2,7339.36,2,2,3,223,7,Churned
CUST-1274,238,4,12653.1,3,4,4,344,11,Loyal
CUST-1275,6,6,8678.8,5,5,3,553,13,Loyal
CUST-1276,714,1,2244.16,1,1,1,111,3,Churned
CUST-1277,130,3,3365.07,4,3,1,431,8,Loyal
CUST-1278,490,2,8080.57,1,2,3,123,6,Churned
CUST-1279,173,4,12980.83,3,4,4,344,11,Loyal
CUST-1280,605,1,2330.42,1,1,1,111,3,Churned
CUST-1281,541,2,3148.62,1,2,1,121,4,Churned
CUST-1282,88,3,14121.19,4,3,4,434,11,Loyal
CUST-1283,318,1,7207.06,2,1,3,213,6,Churned
CUST-1284,136,4,16271.82,3,4,5,345,12,Loyal
CUST-1285,92,1,701.1,4,1,1,411,6,New Customer
CUST-1286,302,3,6405.24,2,3,2,232,7,At Risk
CUST-1287,73,2,8207.27,4,2,3,423,9,New Customer
CUST-1288,78,3,19900.11,4,3,5,435,12,Loyal
CUST-1289,51,4,16514.72,5,4,5,545,14,High Value
CUST-1290,294,3,17397.72,2,3,5,235,10,At Risk
CUST-1291,252,1,8829.36,2,1,3,213,6,Churned
CUST-1292,79,5,25052.04,4,5,5,455,14,High Value
CUST-1293,291,4,12095.08,2,4,4,244,10,At Risk
CUST-1294,17,5,17946.36,5,5,5,555,15,High Value
CUST-1295,181,5,22991.45,3,5,5,355,13,Loyal
CUST-1296,318,3,22907.76,2,3,5,235,10,At Risk
CUST-1297,186,2,6934.1,3,2,2,322,7,Potential
CUST-1299,147,4,9283.43,3,4,3,343,10,Loyal
CUST-1300,195,2,1499.63,3,2,1,321,6,Potential
CUST-1301,298,3,13537.12,2,3,4,234,9,At Risk
CUST-1302,648,1,7037.52,1,1,3,113,5,Churned
CUST-1303,90,4,10747.0,4,4,4,444,12,High Value
CUST-1304,360,1,5861.05,2,1,2,212,5,Churned
CUST-1305,280,5,27623.97,2,5,5,255,12,At Risk
CUST-1306,14,1,6743.81,5,1,2,512,8,New Customer
CUST-1307,80,4,11444.33,4,4,4,444,12,High Value
CUST-1308,90,2,2930.4,4,2,1,421,7,New Customer
CUST-1309,47,4,9943.8,5,4,3,543,12,Loyal
CUST-1310,130,2,5595.24,4,2,2,422,8,New Customer
CUST-1311,424,1,257.69,1,1,1,111,3,Churned
CUST-1312,185,4,10503.24,3,4,3,343,10,Loyal
CUST-1313,507,3,19748.46,1,3,5,135,9,At Risk
CUST-1314,16,5,14941.17,5,5,4,554,14,High Value
CUST-1315,2,5,28510.46,5,5,5,555,15,High Value
CUST-1316,15,2,8288.75,5,2,3,523,10,New Customer
CUST-1317,35,5,14134.58,5,5,4,554,14,High Value
CUST-1318,573,2,1645.5,1,2,1,121,4,Churned
CUST-1319,175,3,8641.37,3,3,3,333,9,Loyal
CUST-1320,24,6,25262.66,5,5,5,555,15,High Value
CUST-1321,32,7,34291.71,5,5,5,555,15,High Value
CUST-1322,200,4,14037.19,3,4,4,344,11,Loyal
CUST-1323,2,5,19993.93,5,5,5,555,15,High Value
CUST-1324,50,4,18922.23,5,4,5,545,14,High Value
CUST-1325,610,1,10626.66,1,1,4,114,6,Churned
CUST-1326,178,3,12720.01,3,3,4,334,10,Loyal
CUST-1327,360,4,15569.56,2,4,4,244,10,At Risk
CUST-1328,99,6,28527.55,4,5,5,455,14,High Value
CUST-1330,116,4,20153.13,4,4,5,445,13,High Value
CUST-1331,423,2,13854.8,1,2,4,124,7,Churned
CUST-1332,522,1,6165.6,1,1,2,112,4,Churned
CUST-1333,540,1,7369.49,1,1,3,113,5,Churned
CUST-1334,97,7,22060.48,4,5,5,455,14,High Value
CUST-1335,295,2,20548.83,2,2,5,225,9,Churned
CUST-1337,52,4,17732.51,5,4,5,545,14,High Value
CUST-1338,185,3,2654.55,3,3,1,331,7,Loyal
CUST-1339,241,3,5728.47,2,3,2,232,7,At Risk
CUST-1340,147,3,13481.37,3,3,4,334,10,Loyal
CUST-1341,662,1,4452.95,1,1,2,112,4,Churned
CUST-1342,337,2,2557.0,2,2,1,221,5,Churned
CUST-1343,97,2,7454.35,4,2,3,423,9,New Customer
CUST-1344,142,3,15714.36,3,3,5,335,11,Loyal
CUST-1345,18,1,7240.25,5,1,3,513,9,New Customer
CUST-1346,325,2,8173.22,2,2,3,223,7,Churned
CUST-1347,96,3,17712.34,4,3,5,435,12,Loyal
CUST-1348,140,4,7229.67,3,4,3,343,10,Loyal
CUST-1349,54,4,20679.67,5,4,5,545,14,High Value
CUST-1350,14,2,5611.62,5,2,2,522,9,New Customer
CUST-1351,76,2,8745.97,4,2,3,423,9,New Customer
CUST-1352,187,1,4491.6,3,1,2,312,6,Potential
CUST-1353,174,5,29662.9,3,5,5,355,13,Loyal
CUST-1354,447,2,5726.35,1,2,2,122,5,Churned
CUST-1355,496,2,5750.39,1,2,2,122,5,Churned
CUST-1357,182,2,4716.73,3,2,2,322,7,Potential
CUST-1358,329,1,5506.93,2,1,2,212,5,Churned
CUST-1359,265,1,8046.46,2,1,3,213,6,Churned
CUST-1360,371,2,8176.61,2,2,3,223,7,Churned
CUST-1361,3,2,13742.41,5,2,4,524,11,New Customer
CUST-1362,408,2,6630.38,1,2,2,122,5,Churned
CUST-1363,95,4,9771.67,4,4,3,443,11,Loyal
CUST-1364,106,1,10813.05,4,1,4,414,9,New Customer
CUST-1366,534,1,2907.63,1,1,1,111,3,Churned
CUST-1368,238,1,6945.84,3,1,2,312,6,Potential
CUST-1369,456,3,15127.05,1,3,4,134,8,At Risk
CUST-1370,12,4,24595.92,5,4,5,545,14,High Value
CUST-1371,266,4,17361.84,2,4,5,245,11,At Risk
CUST-1372,294,3,12129.84,2,3,4,234,9,At Risk
CUST-1373,16,3,13823.54,5,3,4,534,12,Loyal
CUST-1375,246,2,1473.25,2,2,1,221,5,Churned
CUST-1376,674,1,6991.92,1,1,3,113,5,Churned
CUST-1377,254,3,14290.75,2,3,4,234,9,At Risk
CUST-1378,34,3,8092.95,5,3,3,533,11,Loyal
CUST-1379,229,3,16235.82,3,3,5,335,11,Loyal
CUST-1380,235,4,11257.36,3,4,4,344,11,Loyal
CUST-1381,142,2,6759.01,3,2,2,322,7,Potential
CUST-1382,510,3,7806.95,1,3,3,133,7,At Risk
CUST-1384,156,5,14295.96,3,5,4,354,12,Loyal
CUST-1385,28,2,11773.44,5,2,4,524,11,New Customer
CUST-1386,8,3,8541.68,5,3,3,533,11,Loyal
CUST-1387,122,2,10303.86,4,2,3,423,9,New Customer
CUST-1388,43,4,13772.92,5,4,4,544,13,High Value
CUST-1389,289,1,8937.34,2,1,3,213,6,Churned
CUST-1390,20,2,3066.78,5,2,1,521,8,New Customer
CUST-1391,324,1,6485.67,2,1,2,212,5,Churned
CUST-1392,126,1,4236.66,4,1,2,412,7,New Customer
CUST-1393,190,2,5614.92,3,2,2,322,7,Potential
CUST-1394,253,2,1344.73,2,2,1,221,5,Churned
CUST-1395,301,1,11940.48,2,1,4,214,7,Churned
CUST-1396,44,4,10274.86,5,4,3,543,12,Loyal
CUST-1397,207,1,701.54,3,1,1,311,5,Potential
CUST-1398,74,3,2058.91,4,3,1,431,8,Loyal
CUST-1399,29,4,18251.25,5,4,5,545,14,High Value
CUST-1400,125,1,2923.64,4,1,1,411,6,New Customer
CUST-1401,694,1,8695.49,1,1,3,113,5,Churned
CUST-1402,76,4,27000.33,4,4,5,445,13,High Value
CUST-1403,456,3,8924.29,1,3,3,133,7,At Risk
CUST-1404,75,4,8583.9,4,4,3,443,11,Loyal
CUST-1405,224,2,18122.32,3,2,5,325,10,Potential
CUST-1406,242,3,8448.39,2,3,3,233,8,At Risk
CUST-1407,130,4,25690.28,4,4,5,445,13,High Value
CUST-1408,667,2,1647.14,1,2,1,121,4,Churned
CUST-1409,167,2,12486.11,3,2,4,324,9,Potential
CUST-1410,338,3,23975.25,2,3,5,235,10,At Risk
CUST-1411,637,1,2824.79,1,1,1,111,3,Churned
CUST-1412,233,2,9343.21,3,2,3,323,8,Potential
CUST-1413,655,2,7679.98,1,2,3,123,6,Churned
CUST-1414,574,1,3868.42,1,1,2,112,4,Churned
CUST-1415,321,1,9325.3,2,1,3,213,6,Churned
CUST-1416,140,1,4030.2,3,1,2,312,6,Potential
CUST-1417,311,2,2400.73,2,2,1,221,5,Churned
CUST-1418,506,1,1745.15,1,1,1,111,3,Churned
CUST-1419,438,1,9238.84,1,1,3,113,5,Churned
CUST-1420,169,3,8003.91,3,3,3,333,9,Loyal
CUST-1421,87,2,4977.96,4,2,2,422,8,New Customer
CUST-1422,546,1,4914.39,1,1,2,112,4,Churned
CUST-1423,178,3,3628.61,3,3,1,331,7,Loyal
CUST-1424,200,3,23547.16,3,3,5,335,11,Loyal
CUST-1425,11,2,6856.99,5,2,2,522,9,New Customer
CUST-1426,137,1,9854.7,3,1,3,313,7,Potential
CUST-1427,18,4,6377.77,5,4,2,542,11,Loyal
CUST-1428,3,3,3579.08,5,3,1,531,9,Loyal
CUST-1429,242,3,14808.0,2,3,4,234,9,At Risk
CUST-1430,264,1,118.06,2,1,1,211,4,Churned
CUST-1431,456,2,7506.48,1,2,3,123,6,Churned
CUST-1433,109,2,8726.99,4,2,3,423,9,New Customer
CUST-1434,461,1,2946.6,1,1,1,111,3,Churned
CUST-1437,277,3,1753.05,2,3,1,231,6,At Risk
CUST-1438,12,3,6438.22,5,3,2,532,10,Loyal
CUST-1439,524,1,3955.75,1,1,2,112,4,Churned
CUST-1440,25,4,25771.18,5,4,5,545,14,High Value
CUST-1441,335,4,12130.29,2,4,4,244,10,At Risk
CUST-1442,603,2,3717.24,1,2,2,122,5,Churned
CUST-1443,101,2,7836.68,4,2,3,423,9,New Customer
CUST-1444,178,1,7597.91,3,1,3,313,7,Potential
CUST-1445,113,1,5808.56,4,1,2,412,7,New Customer
CUST-1446,239,2,9519.47,2,2,3,223,7,Churned
CUST-1447,347,1,1740.21,2,1,1,211,4,Churned
CUST-1448,425,2,3655.0,1,2,2,122,5,Churned
CUST-1449,287,1,3167.21,2,1,1,211,4,Churned
CUST-1450,592,1,5310.12,1,1,2,112,4,Churned
CUST-1451,62,3,26352.49,4,3,5,435,12,Loyal
CUST-1452,257,3,30942.52,2,3,5,235,10,At Risk
CUST-1453,482,2,11166.11,1,2,4,124,7,Churned
CUST-1454,143,2,7009.24,3,2,3,323,8,Potential
CUST-1455,170,7,35924.69,3,5,5,355,13,Loyal
CUST-1456,45,6,36114.58,5,5,5,555,15,High Value
CUST-1457,199,3,16321.61,3,3,5,335,11,Loyal
CUST-1459,424,2,4361.2,1,2,2,122,5,Churned
CUST-1460,66,2,10924.71,4,2,4,424,10,New Customer
CUST-1462,9,3,5266.12,5,3,2,532,10,Loyal
CUST-1463,353,2,2078.52,2,2,1,221,5,Churned
CUST-1465,58,1,7312.63,5,1,3,513,9,New Customer
CUST-1466,60,2,8826.9,5,2,3,523,10,New Customer
CUST-1467,423,2,13799.27,1,2,4,124,7,Churned
CUST-1468,457,1,3789.09,1,1,2,112,4,Churned
CUST-1469,230,3,5585.26,3,3,2,332,8,Loyal
CUST-1470,384,4,7187.08,2,4,3,243,9,At Risk
CUST-1471,117,5,13019.01,4,5,4,454,13,High Value
CUST-1472,88,5,25106.05,4,5,5,455,14,High Value
CUST-1473,193,1,3556.16,3,1,1,311,5,Potential
CUST-1474,66,2,7977.71,4,2,3,423,9,New Customer
CUST-1475,71,5,14820.64,4,5,4,454,13,High Value
CUST-1476,637,3,10780.13,1,3,4,134,8,At Risk
CUST-1477,371,2,19827.85,2,2,5,225,9,Churned
CUST-1478,226,3,12426.71,3,3,4,334,10,Loyal
CUST-1479,119,1,382.21,4,1,1,411,6,New Customer
CUST-1480,411,2,2132.77,1,2,1,121,4,Churned
CUST-1481,211,3,14851.6,3,3,4,334,10,Loyal
CUST-1482,113,4,18981.55,4,4,5,445,13,High Value
CUST-1483,34,1,2896.14,5,1,1,511,7,New Customer
CUST-1484,98,2,17200.5,4,2,5,425,11,New Customer
CUST-1485,38,2,5562.01,5,2,2,522,9,New Customer
CUST-1486,164,2,17004.64,3,2,5,325,10,Potential
CUST-1487,101,5,20233.45,4,5,5,455,14,High Value
CUST-1488,125,2,7948.47,4,2,3,423,9,New Customer
CUST-1489,4,4,4644.02,5,4,2,542,11,Loyal
CUST-1490,454,4,9862.11,1,4,3,143,8,At Risk
CUST-1491,248,1,2481.58,2,1,1,211,4,Churned
CUST-1492,284,3,3298.15,2,3,1,231,6,At Risk
CUST-1494,46,3,7859.97,5,3,3,533,11,Loyal
CUST-1496,26,5,15801.5,5,5,5,555,15,High Value
CUST-1497,308,2,6548.48,2,2,2,222,6,Churned
CUST-1498,246,1,2636.68,2,1,1,211,4,Churned
CUST-1499,47,2,4385.1,5,2,2,522,9,New Customer
CUST-1500,527,3,11968.13,1,3,4,134,8,At Risk
CUST-1501,50,3,21842.38,5,3,5,535,13,Loyal
CUST-1502,232,5,17525.3,3,5,5,355,13,Loyal
CUST-1503,70,3,5125.23,4,3,2,432,9,Loyal
CUST-1504,56,3,14568.65,5,3,4,534,12,Loyal
CUST-1505,229,3,16400.04,3,3,5,335,11,Loyal
CUST-1506,661,2,5222.07,1,2,2,122,5,Churned
CUST-1507,29,4,25430.91,5,4,5,545,14,High Value
CUST-1508,3,2,8993.83,5,2,3,523,10,New Customer
CUST-1509,493,3,11620.5,1,3,4,134,8,At Risk
CUST-1511,309,1,7746.39,2,1,3,213,6,Churned
CUST-1512,23,3,8199.75,5,3,3,533,11,Loyal
CUST-1513,18,2,8935.99,5,2,3,523,10,New Customer
CUST-1514,305,3,15461.39,2,3,4,234,9,At Risk
CUST-1515,23,2,11258.36,5,2,4,524,11,New Customer
CUST-1517,422,2,2648.81,1,2,1,121,4,Churned
CUST-1518,78,3,3596.91,4,3,1,431,8,Loyal
CUST-1520,584,1,909.58,1,1,1,111,3,Churned
CUST-1521,236,3,13338.81,3,3,4,334,10,Loyal
CUST-1522,36,3,5054.3,5,3,2,532,10,Loyal
CUST-1523,122,4,13404.13,4,4,4,444,12,High Value
CUST-1524,210,3,8260.32,3,3,3,333,9,Loyal
CUST-1526,284,3,6020.17,2,3,2,232,7,At Risk
CUST-1527,404,1,742.85,1,1,1,111,3,Churned
CUST-1528,23,5,26203.57,5,5,5,555,15,High Value
CUST-1529,58,5,8892.54,5,5,3,553,13,Loyal
CUST-1531,389,2,9509.34,1,2,3,123,6,Churned
CUST-1532,296,2,2921.59,2,2,1,221,5,Churned
CUST-1533,40,2,11425.55,5,2,4,524,11,New Customer
CUST-1534,228,7,20292.31,3,5,5,355,13,Loyal
CUST-1535,122,4,16090.24,4,4,5,445,13,High Value
CUST-1536,56,4,17949.8,5,4,5,545,14,High Value
CUST-1537,228,3,5154.72,3,3,2,332,8,Loyal
CUST-1538,92,5,26529.54,4,5,5,455,14,High Value
CUST-1539,263,2,6991.84,2,2,2,222,6,Churned
CUST-1540,98,5,14183.74,4,5,4,454,13,High Value
CUST-1541,29,5,3719.22,5,5,2,552,12,Loyal
CUST-1542,76,3,8466.54,4,3,3,433,10,Loyal
CUST-1543,692,2,4932.43,1,2,2,122,5,Churned
CUST-1544,127,4,17736.04,4,4,5,445,13,High Value
CUST-1546,319,3,5844.15,2,3,2,232,7,At Risk
CUST-1547,41,5,13433.52,5,5,4,554,14,High Value
CUST-1548,263,1,6668.72,2,1,2,212,5,Churned
CUST-1549,69,3,6372.25,4,3,2,432,9,Loyal
CUST-1552,214,2,6839.08,3,2,2,322,7,Potential
CUST-1553,124,3,13811.03,4,3,4,434,11,Loyal
CUST-1555,158,2,2610.32,3,2,1,321,6,Potential
CUST-1556,86,1,778.46,4,1,1,411,6,New Customer
CUST-1558,249,2,7842.84,2,2,3,223,7,Churned
CUST-1559,7,4,26431.87,5,4,5,545,14,High Value
CUST-1560,101,3,1965.71,4,3,1,431,8,Loyal
CUST-1561,672,1,625.99,1,1,1,111,3,Churned
CUST-1562,71,2,1840.12,4,2,1,421,7,New Customer
CUST-1563,19,2,10602.36,5,2,4,524,11,New Customer
CUST-1564,113,2,11626.95,4,2,4,424,10,New Customer
CUST-1565,66,6,13707.46,4,5,4,454,13,High Value
CUST-1566,143,1,115.87,3,1,1,311,5,Potential
CUST-1567,36,2,5198.79,5,2,2,522,9,New Customer
CUST-1568,274,3,7068.95,2,3,3,233,8,At Risk
CUST-1569,132,2,7466.74,4,2,3,423,9,New Customer
CUST-1570,373,4,15518.37,2,4,4,244,10,At Risk
CUST-1571,26,3,3889.13,5,3,2,532,10,Loyal
CUST-1572,63,3,8189.84,4,3,3,433,10,Loyal
CUST-1573,58,2,6483.35,5,2,2,522,9,New Customer
CUST-1574,356,2,9140.98,2,2,3,223,7,Churned
CUST-1575,461,1,1152.84,1,1,1,111,3,Churned
CUST-1576,626,1,227.02,1,1,1,111,3,Churned
CUST-1577,18,4,35206.41,5,4,5,545,14,High Value
CUST-1578,247,1,3353.11,2,1,1,211,4,Churned
CUST-1579,192,2,10649.14,3,2,4,324,9,Potential
CUST-1580,274,3,21762.08,2,3,5,235,10,At Risk
CUST-1581,40,4,13740.41,5,4,4,544,13,High Value
CUST-1582,42,6,28471.34,5,5,5,555,15,High Value
CUST-1583,262,2,10511.87,2,2,3,223,7,Churned
CUST-1585,62,3,16158.62,4,3,5,435,12,Loyal
CUST-1587,241,1,5403.48,2,1,2,212,5,Churned
CUST-1588,331,5,22818.81,2,5,5,255,12,At Risk
CUST-1589,94,6,21691.41,4,5,5,455,14,High Value
CUST-1590,406,1,672.26,1,1,1,111,3,Churned
CUST-1591,320,2,3150.03,2,2,1,221,5,Churned
CUST-1592,8,2,8913.12,5,2,3,523,10,New Customer
CUST-1593,280,2,5556.89,2,2,2,222,6,Churned
CUST-1594,72,2,4301.94,4,2,2,422,8,New Customer
CUST-1595,360,3,5759.11,2,3,2,232,7,At Risk
CUST-1596,27,3,6920.32,5,3,2,532,10,Loyal
CUST-1599,468,1,36.05,1,1,1,111,3,Churned
CUST-1601,693,1,1787.83,1,1,1,111,3,Churned
CUST-1602,538,3,20685.62,1,3,5,135,9,At Risk
CUST-1603,154,2,1393.92,3,2,1,321,6,Potential
CUST-1604,685,1,883.13,1,1,1,111,3,Churned
CUST-1605,408,4,6873.79,1,4,2,142,7,At Risk
CUST-1606,578,1,3964.8,1,1,2,112,4,Churned
CUST-1607,83,4,17806.26,4,4,5,445,13,High Value
CUST-1608,241,3,6065.78,2,3,2,232,7,At Risk
CUST-1609,536,4,12534.99,1,4,4,144,9,At Risk
CUST-1610,81,5,8183.8,4,5,3,453,12,Loyal
CUST-1612,261,3,5980.95,2,3,2,232,7,At Risk
CUST-1613,103,1,5761.37,4,1,2,412,7,New Customer
CUST-1614,54,4,17962.83,5,4,5,545,14,High Value
CUST-1615,51,7,30491.79,5,5,5,555,15,High Value
CUST-1616,61,1,74.07,4,1,1,411,6,New Customer
CUST-1617,177,4,7350.13,3,4,3,343,10,Loyal
CUST-1618,141,2,9358.25,3,2,3,323,8,Potential
CUST-1619,165,2,13553.14,3,2,4,324,9,Potential
CUST-1620,294,2,11414.86,2,2,4,224,8,Churned
CUST-1621,48,6,27204.95,5,5,5,555,15,High Value
CUST-1622,100,3,5919.74,4,3,2,432,9,Loyal
CUST-1623,144,2,3634.3,3,2,2,322,7,Potential
CUST-1625,40,4,9322.06,5,4,3,543,12,Loyal
CUST-1626,640,1,5314.0,1,1,2,112,4,Churned
CUST-1627,565,1,8778.24,1,1,3,113,5,Churned
CUST-1628,16,2,11278.91,5,2,4,524,11,New Customer
CUST-1629,426,2,12605.06,1,2,4,124,7,Churned
CUST-1630,19,2,12904.38,5,2,4,524,11,New Customer
CUST-1631,161,3,9504.73,3,3,3,333,9,Loyal
CUST-1633,73,3,8998.84,4,3,3,433,10,Loyal
CUST-1635,103,3,10075.34,4,3,3,433,10,Loyal
CUST-1636,684,1,2372.31,1,1,1,111,3,Churned
CUST-1637,517,1,3900.72,1,1,2,112,4,Churned
CUST-1638,127,4,11193.07,4,4,4,444,12,High Value
CUST-1639,52,5,20747.59,5,5,5,555,15,High Value
CUST-1640,86,1,553.38,4,1,1,411,6,New Customer
CUST-1641,40,5,16334.08,5,5,5,555,15,High Value
CUST-1642,180,2,3467.78,3,2,1,321,6,Potential
CUST-1643,354,2,6838.51,2,2,2,222,6,Churned
CUST-1644,29,5,6754.72,5,5,2,552,12,Loyal
CUST-1645,166,2,10448.53,3,2,3,323,8,Potential
CUST-1646,77,2,3512.62,4,2,1,421,7,New Customer
CUST-1647,123,1,1130.72,4,1,1,411,6,New Customer
CUST-1648,71,2,10399.56,4,2,3,423,9,New Customer
CUST-1649,558,1,9498.78,1,1,3,113,5,Churned
CUST-1650,507,2,7715.44,1,2,3,123,6,Churned
CUST-1651,382,3,5225.5,2,3,2,232,7,At Risk
CUST-1652,179,5,14817.99,3,5,4,354,12,Loyal
CUST-1653,22,1,1375.26,5,1,1,511,7,New Customer
CUST-1654,215,2,4746.42,3,2,2,322,7,Potential
CUST-1655,185,4,22893.08,3,4,5,345,12,Loyal
CUST-1656,79,2,15974.72,4,2,5,425,11,New Customer
CUST-1657,661,1,2097.28,1,1,1,111,3,Churned
CUST-1658,137,1,548.49,3,1,1,311,5,Potential
CUST-1659,163,2,8621.0,3,2,3,323,8,Potential
CUST-1660,131,4,28057.58,4,4,5,445,13,High Value
CUST-1661,43,5,19150.13,5,5,5,555,15,High Value
CUST-1662,399,2,3765.83,1,2,2,122,5,Churned
CUST-1663,157,2,15341.99,3,2,4,324,9,Potential
CUST-1664,118,2,964.06,4,2,1,421,7,New Customer
CUST-1665,105,4,21134.33,4,4,5,445,13,High Value
CUST-1666,21,4,21192.89,5,4,5,545,14,High Value
CUST-1667,163,4,8236.85,3,4,3,343,10,Loyal
CUST-1669,349,3,2273.46,2,3,1,231,6,At Risk
CUST-1670,464,3,15985.19,1,3,5,135,9,At Risk
CUST-1671,408,1,5542.52,1,1,2,112,4,Churned
CUST-1672,184,3,11265.89,3,3,4,334,10,Loyal
CUST-1673,438,3,8828.14,1,3,3,133,7,At Risk
CUST-1674,123,3,17670.04,4,3,5,435,12,Loyal
CUST-1675,165,4,15052.1,3,4,4,344,11,Loyal
CUST-1676,183,2,8648.55,3,2,3,323,8,Potential
CUST-1677,217,8,24685.22,3,5,5,355,13,Loyal
CUST-1678,176,5,21358.97,3,5,5,355,13,Loyal
CUST-1679,37,2,14190.79,5,2,4,524,11,New Customer
CUST-1680,331,3,10340.61,2,3,3,233,8,At Risk
CUST-1681,126,2,4243.5,4,2,2,422,8,New Customer
CUST-1682,101,6,22748.89,4,5,5,455,14,High Value
CUST-1683,233,1,3774.33,3,1,2,312,6,Potential
CUST-1684,271,3,18779.14,2,3,5,235,10,At Risk
CUST-1685,134,2,1783.98,3,2,1,321,6,Potential
CUST-1686,435,3,11220.89,1,3,4,134,8,At Risk
CUST-1687,228,1,258.55,3,1,1,311,5,Potential
CUST-1688,5,4,16219.72,5,4,5,545,14,High Value
CUST-1689,145,1,2000.43,3,1,1,311,5,Potential
CUST-1690,29,3,11951.87,5,3,4,534,12,Loyal
CUST-1691,183,3,1864.16,3,3,1,331,7,Loyal
CUST-1692,178,2,2056.89,3,2,1,321,6,Potential
CUST-1693,303,3,22635.89,2,3,5,235,10,At Risk
CUST-1695,383,1,798.67,2,1,1,211,4,Churned
CUST-1696,44,6,11399.46,5,5,4,554,14,High Value
CUST-1699,52,7,18721.29,5,5,5,555,15,High Value
CUST-1700,481,2,5777.9,1,2,2,122,5,Churned
CUST-1701,150,4,16503.56,3,4,5,345,12,Loyal
CUST-1702,633,1,3466.8,1,1,1,111,3,Churned
CUST-1703,53,8,31232.84,5,5,5,555,15,High Value
CUST-1704,30,4,16924.48,5,4,5,545,14,High Value
CUST-1705,104,8,30593.82,4,5,5,455,14,High Value
CUST-1706,362,1,11362.14,2,1,4,214,7,Churned
CUST-1707,635,1,2439.64,1,1,1,111,3,Churned
CUST-1708,79,3,15592.66,4,3,4,434,11,Loyal
CUST-1709,140,1,10138.03,3,1,3,313,7,Potential
CUST-1710,50,2,6135.3,5,2,2,522,9,New Customer
CUST-1711,117,5,14631.48,4,5,4,454,13,High Value
CUST-1712,45,3,5230.41,5,3,2,532,10,Loyal
CUST-1713,59,4,15840.67,5,4,5,545,14,High Value
CUST-1714,96,2,11087.03,4,2,4,424,10,New Customer
CUST-1715,683,1,7232.31,1,1,3,113,5,Churned
CUST-1716,139,3,17972.82,3,3,5,335,11,Loyal
CUST-1717,72,4,26821.71,4,4,5,445,13,High Value
CUST-1718,180,2,1712.96,3,2,1,321,6,Potential
CUST-1719,102,3,6036.65,4,3,2,432,9,Loyal
CUST-1720,299,3,12422.64,2,3,4,234,9,At Risk
CUST-1721,235,3,11181.28,3,3,4,334,10,Loyal
CUST-1722,65,2,6010.09,4,2,2,422,8,New Customer
CUST-1723,21,2,7270.51,5,2,3,523,10,New Customer
CUST-1724,19,2,6760.18,5,2,2,522,9,New Customer
CUST-1725,20,4,6247.81,5,4,2,542,11,Loyal
CUST-1726,483,1,1170.61,1,1,1,111,3,Churned
CUST-1727,59,1,1434.5,5,1,1,511,7,New Customer
CUST-1729,662,1,4350.48,1,1,2,112,4,Churned
CUST-1730,221,6,8698.12,3,5,3,353,11,Loyal
CUST-1731,266,2,5527.32,2,2,2,222,6,Churned
CUST-1732,193,4,15665.37,3,4,4,344,11,Loyal
CUST-1733,300,2,8764.03,2,2,3,223,7,Churned
CUST-1734,289,1,3750.03,2,1,2,212,5,Churned
CUST-1735,314,4,30108.1,2,4,5,245,11,At Risk
CUST-1736,135,4,8319.35,3,4,3,343,10,Loyal
CUST-1737,208,3,4635.26,3,3,2,332,8,Loyal
CUST-1738,50,3,9873.84,5,3,3,533,11,Loyal
CUST-1740,468,2,8868.39,1,2,3,123,6,Churned
CUST-1741,39,4,7831.91,5,4,3,543,12,Loyal
CUST-1742,104,2,4049.44,4,2,2,422,8,New Customer
CUST-1743,181,5,19570.8,3,5,5,355,13,Loyal
CUST-1744,46,3,12273.51,5,3,4,534,12,Loyal
CUST-1745,334,4,10459.39,2,4,3,243,9,At Risk
CUST-1746,100,3,17028.26,4,3,5,435,12,Loyal
CUST-1747,270,4,22922.5,2,4,5,245,11,At Risk
CUST-1748,462,2,12816.44,1,2,4,124,7,Churned
CUST-1750,11,1,120.5,5,1,1,511,7,New Customer
CUST-1752,277,3,8494.96,2,3,3,233,8,At Risk
CUST-1753,32,4,10240.19,5,4,3,543,12,Loyal
CUST-1754,189,6,18767.39,3,5,5,355,13,Loyal
CUST-1756,95,4,16980.72,4,4,5,445,13,High Value
CUST-1757,155,1,707.06,3,1,1,311,5,Potential
CUST-1758,179,1,1145.38,3,1,1,311,5,Potential
CUST-1759,223,4,14075.21,3,4,4,344,11,Loyal
CUST-1760,418,3,13104.33,1,3,4,134,8,At Risk
CUST-1761,362,2,12906.03,2,2,4,224,8,Churned
CUST-1762,5,4,14543.95,5,4,4,544,13,High Value
CUST-1763,338,1,1585.06,2,1,1,211,4,Churned
CUST-1764,183,4,7566.8,3,4,3,343,10,Loyal
CUST-1765,94,2,5828.72,4,2,2,422,8,New Customer
CUST-1766,126,1,974.81,4,1,1,411,6,New Customer
CUST-1768,86,2,6658.36,4,2,2,422,8,New Customer
CUST-1769,93,3,13495.38,4,3,4,434,11,Loyal
CUST-1770,591,2,9554.34,1,2,3,123,6,Churned
CUST-1771,167,4,20923.84,3,4,5,345,12,Loyal
CUST-1772,51,3,4187.34,5,3,2,532,10,Loyal
CUST-1773,27,3,4988.27,5,3,2,532,10,Loyal
CUST-1774,137,2,5783.8,3,2,2,322,7,Potential
CUST-1775,68,3,7788.22,4,3,3,433,10,Loyal
CUST-1776,18,3,11751.06,5,3,4,534,12,Loyal
CUST-1777,374,3,4214.45,2,3,2,232,7,At Risk
CUST-1778,98,5,27278.7,4,5,5,455,14,High Value
CUST-1779,56,2,368.41,5,2,1,521,8,New Customer
CUST-1780,145,4,19086.83,3,4,5,345,12,Loyal
CUST-1781,699,1,7954.38,1,1,3,113,5,Churned
CUST-1782,524,1,3627.58,1,1,1,111,3,Churned
CUST-1783,473,2,4558.32,1,2,2,122,5,Churned
CUST-1784,173,5,8495.04,3,5,3,353,11,Loyal
CUST-1785,518,2,11878.71,1,2,4,124,7,Churned
CUST-1786,184,4,15878.15,3,4,5,345,12,Loyal
CUST-1787,176,5,20910.65,3,5,5,355,13,Loyal
CUST-1788,379,2,2769.65,2,2,1,221,5,Churned
CUST-1789,422,3,12273.12,1,3,4,134,8,At Risk
CUST-1790,370,2,4780.06,2,2,2,222,6,Churned
CUST-1791,434,4,23901.33,1,5,5,155,11,At Risk
CUST-1793,195,3,13609.11,3,3,4,334,10,Loyal
CUST-1794,50,3,15048.23,5,3,4,534,12,Loyal
CUST-1795,182,3,9490.34,3,3,3,333,9,Loyal
CUST-1796,2,6,18755.07,5,5,5,555,15,High Value
CUST-1797,113,6,29849.08,4,5,5,455,14,High Value
CUST-1799,193,4,29326.67,3,5,5,355,13,Loyal
CUST-1800,28,3,28271.39,5,3,5,535,13,Loyal
CUST-1801,708,2,3685.24,1,2,2,122,5,Churned
CUST-1802,568,1,8322.74,1,1,3,113,5,Churned
CUST-1803,283,3,2835.23,2,3,1,231,6,At Risk
CUST-1804,469,1,5033.77,1,1,2,112,4,Churned
CUST-1805,283,4,5699.22,2,5,2,252,9,At Risk
CUST-1806,444,2,12300.2,1,2,4,124,7,Churned
CUST-1807,30,3,17046.66,5,3,5,535,13,Loyal
CUST-1808,221,4,20809.15,3,5,5,355,13,Loyal
CUST-1809,60,1,1321.3,5,1,1,511,7,New Customer
CUST-1810,264,3,13371.25,2,3,4,234,9,At Risk
CUST-1811,80,2,3851.96,4,2,2,422,8,New Customer
CUST-1812,77,3,13634.08,4,3,4,434,11,Loyal
CUST-1813,168,7,19949.45,3,5,5,355,13,Loyal
CUST-1814,73,2,11307.84,4,2,4,424,10,New Customer
CUST-1815,87,5,19332.57,4,5,5,455,14,High Value
CUST-1816,365,1,738.91,2,1,1,211,4,Churned
CUST-1817,518,3,10384.07,1,3,3,133,7,At Risk
CUST-1818,675,2,5611.34,1,2,2,122,5,Churned
CUST-1819,580,3,10697.38,1,3,4,134,8,At Risk
CUST-1820,290,4,8157.97,2,5,3,253,10,At Risk
CUST-1821,106,2,3579.13,4,2,1,421,7,New Customer
CUST-1822,68,11,67728.79,4,5,5,455,14,High Value
CUST-1823,5,1,4941.59,5,1,2,512,8,New Customer
CUST-1824,55,2,5035.56,5,2,2,522,9,New Customer
CUST-1825,252,3,15070.18,2,3,4,234,9,At Risk
CUST-1826,102,1,1304.59,4,1,1,411,6,New Customer
CUST-1828,49,6,12957.16,5,5,4,554,14,High Value
CUST-1829,164,3,8355.61,3,3,3,333,9,Loyal
CUST-1830,134,2,12254.52,3,2,4,324,9,Potential
CUST-1833,305,2,8059.51,2,2,3,223,7,Churned
CUST-1835,227,2,6826.36,3,2,2,322,7,Potential
CUST-1836,117,3,15415.41,4,3,4,434,11,Loyal
CUST-1837,3,4,14968.03,5,5,4,554,14,High Value
CUST-1838,483,1,3735.24,1,1,2,112,4,Churned
CUST-1839,466,2,8804.9,1,2,3,123,6,Churned
CUST-1840,342,1,448.76,2,1,1,211,4,Churned
CUST-1841,56,3,16414.47,5,3,5,535,13,Loyal
CUST-1842,666,1,276.93,1,1,1,111,3,Churned
CUST-1843,81,5,20300.2,4,5,5,455,14,High Value
CUST-1844,238,3,9583.34,3,3,3,333,9,Loyal
CUST-1846,242,1,1630.03,2,1,1,211,4,Churned
CUST-1847,14,7,27747.13,5,5,5,555,15,High Value
CUST-1848,37,3,8412.94,5,3,3,533,11,Loyal
CUST-1849,543,1,5997.92,1,1,2,112,4,Churned
CUST-1850,116,2,6688.57,4,2,2,422,8,New Customer
CUST-1851,15,2,2555.2,5,2,1,521,8,New Customer
CUST-1852,593,1,8249.15,1,1,3,113,5,Churned
CUST-1853,232,2,4551.88,3,2,2,322,7,Potential
CUST-1854,40,4,33505.45,5,5,5,555,15,High Value
CUST-1855,603,1,1672.75,1,1,1,111,3,Churned
CUST-1856,5,4,15785.56,5,5,5,555,15,High Value
CUST-1857,486,1,1232.34,1,1,1,111,3,Churned
CUST-1858,141,2,11918.47,3,2,4,324,9,Potential
CUST-1859,58,3,4308.5,5,4,2,542,11,Loyal
CUST-1861,76,3,4939.09,4,4,2,442,10,Loyal
CUST-1862,17,3,3678.79,5,4,2,542,11,Loyal
CUST-1863,658,1,837.92,1,1,1,111,3,Churned
CUST-1864,476,4,17526.66,1,5,5,155,11,At Risk
CUST-1865,311,2,1266.47,2,2,1,221,5,Churned
CUST-1866,28,3,8376.6,5,4,3,543,12,Loyal
CUST-1867,346,2,5439.96,2,2,2,222,6,Churned
CUST-1868,561,1,2805.95,1,1,1,111,3,Churned
CUST-1869,317,1,5828.88,2,1,2,212,5,Churned
CUST-1871,106,3,17139.38,4,4,5,445,13,High Value
CUST-1872,184,4,10381.73,3,5,3,353,11,Loyal
CUST-1873,337,2,8682.8,2,2,3,223,7,Churned
CUST-1874,480,2,3136.94,1,2,1,121,4,Churned
CUST-1875,54,2,4956.91,5,2,2,522,9,New Customer
CUST-1876,118,3,6749.63,4,4,2,442,10,Loyal
CUST-1877,244,4,17899.87,2,5,5,255,12,At Risk
CUST-1878,718,1,1406.97,1,1,1,111,3,Churned
CUST-1879,456,1,2323.44,1,1,1,111,3,Churned
CUST-1880,101,3,5218.39,4,4,2,442,10,Loyal
CUST-1881,33,2,6152.06,5,2,2,522,9,New Customer
CUST-1882,131,4,21646.4,4,5,5,455,14,High Value
CUST-1883,1,2,13694.37,5,2,4,524,11,New Customer
CUST-1884,184,1,1727.14,3,1,1,311,5,Potential
CUST-1885,155,3,11045.03,3,4,4,344,11,Loyal
CUST-1886,282,2,3151.77,2,2,1,221,5,Churned
CUST-1887,101,2,17086.61,4,2,5,425,11,New Customer
CUST-1888,309,4,17696.23,2,5,5,255,12,At Risk
CUST-1889,187,3,27198.96,3,4,5,345,12,Loyal
CUST-1890,25,1,3681.45,5,1,2,512,8,New Customer
CUST-1891,155,4,16598.53,3,5,5,355,13,Loyal
CUST-1892,315,3,7369.0,2,4,3,243,9,At Risk
CUST-1893,120,1,787.2,4,1,1,411,6,New Customer
CUST-1894,302,2,14241.45,2,2,4,224,8,Churned
CUST-1895,80,2,4650.67,4,2,2,422,8,New Customer
CUST-1896,551,3,7832.76,1,4,3,143,8,At Risk
CUST-1897,61,6,8529.93,4,5,3,453,12,Loyal
CUST-1898,451,2,3775.68,1,2,2,122,5,Churned
CUST-1899,293,3,2634.47,2,4,1,241,7,At Risk
CUST-1900,55,3,8703.54,5,4,3,543,12,Loyal
CUST-1901,223,3,7487.23,3,4,3,343,10,Loyal
CUST-1902,27,4,5056.37,5,5,2,552,12,Loyal
CUST-1903,269,5,19810.22,2,5,5,255,12,At Risk
CUST-1904,313,3,14910.76,2,4,4,244,10,At Risk
CUST-1905,345,4,9140.1,2,5,3,253,10,At Risk
CUST-1906,149,4,24481.58,3,5,5,355,13,Loyal
CUST-1907,317,1,2680.61,2,1,1,211,4,Churned
CUST-1908,243,1,2701.84,2,1,1,211,4,Churned
CUST-1909,81,5,12427.85,4,5,4,454,13,High Value
CUST-1910,550,3,3821.17,1,4,2,142,7,At Risk
CUST-1911,70,4,27632.57,4,5,5,455,14,High Value
CUST-1912,531,1,2704.95,1,1,1,111,3,Churned
CUST-1913,51,5,19175.64,5,5,5,555,15,High Value
CUST-1914,208,3,8317.73,3,4,3,343,10,Loyal
CUST-1915,239,3,2244.64,2,4,1,241,7,At Risk
CUST-1916,131,5,14667.97,4,5,4,454,13,High Value
CUST-1917,422,1,3945.66,1,1,2,112,4,Churned
CUST-1918,326,1,2493.54,2,1,1,211,4,Churned
CUST-1919,398,2,9747.64,1,2,3,123,6,Churned
CUST-1920,110,5,22020.06,4,5,5,455,14,High Value
CUST-1921,435,2,6618.97,1,2,2,122,5,Churned
CUST-1922,115,2,1366.87,4,2,1,421,7,New Customer
CUST-1923,125,3,11393.94,4,4,4,444,12,High Value
CUST-1924,519,2,5028.88,1,2,2,122,5,Churned
CUST-1925,439,3,9934.17,1,4,3,143,8,At Risk
CUST-1926,79,6,27194.78,4,5,5,455,14,High Value
CUST-1927,108,3,11614.65,4,4,4,444,12,High Value
CUST-1928,332,4,19121.19,2,5,5,255,12,At Risk
CUST-1929,20,4,17170.8,5,5,5,555,15,High Value
CUST-1930,246,2,1706.7,2,2,1,221,5,Churned
CUST-1931,58,2,4237.06,5,2,2,522,9,New Customer
CUST-1932,346,1,5636.01,2,1,2,212,5,Churned
CUST-1933,166,4,13231.56,3,5,4,354,12,Loyal
CUST-1934,356,1,1976.8,2,1,1,211,4,Churned
CUST-1935,594,1,10467.49,1,1,3,113,5,Churned
CUST-1936,45,2,283.29,5,2,1,521,8,New Customer
CUST-1937,334,3,15350.83,2,4,4,244,10,At Risk
CUST-1939,712,1,2677.88,1,1,1,111,3,Churned
CUST-1940,80,4,27613.92,4,5,5,455,14,High Value
CUST-1941,2,4,14374.55,5,5,4,554,14,High Value
CUST-1942,713,1,1281.32,1,1,1,111,3,Churned
CUST-1943,252,1,467.49,2,1,1,211,4,Churned
CUST-1944,26,3,15777.3,5,4,5,545,14,High Value
CUST-1945,125,2,1928.68,4,2,1,421,7,New Customer
CUST-1946,178,1,11583.88,3,1,4,314,8,Potential
CUST-1948,102,6,20337.32,4,5,5,455,14,High Value
CUST-1949,24,2,6519.68,5,2,2,522,9,New Customer
CUST-1950,378,3,20387.88,2,4,5,245,11,At Risk
CUST-1952,493,1,7346.5,1,1,3,113,5,Churned
CUST-1953,252,1,3851.59,2,1,2,212,5,Churned
CUST-1954,61,2,6336.66,4,2,2,422,8,New Customer
CUST-1955,382,2,3159.14,2,2,1,221,5,Churned
CUST-1956,136,3,9924.33,3,4,3,343,10,Loyal
CUST-1957,125,4,14052.97,4,5,4,454,13,High Value
CUST-1961,182,5,21161.49,3,5,5,355,13,Loyal
CUST-1962,105,7,21980.9,4,5,5,455,14,High Value
CUST-1963,289,1,5175.4,2,1,2,212,5,Churned
CUST-1964,574,1,552.94,1,1,1,111,3,Churned
CUST-1965,116,3,8412.64,4,4,3,443,11,Loyal
CUST-1966,357,4,13854.38,2,5,4,254,11,At Risk
CUST-1967,403,3,7537.17,1,4,3,143,8,At Risk
CUST-1968,7,3,5024.57,5,4,2,542,11,Loyal
CUST-1969,437,3,21360.56,1,4,5,145,10,At Risk
CUST-1970,91,4,15792.11,4,5,5,455,14,High Value
CUST-1971,129,3,16110.44,4,4,5,445,13,High Value
CUST-1972,340,3,8129.23,2,4,3,243,9,At Risk
CUST-1973,414,2,5988.82,1,2,2,122,5,Churned
CUST-1975,314,2,9834.58,2,2,3,223,7,Churned
CUST-1976,502,2,12419.2,1,2,4,124,7,Churned
CUST-1978,579,2,6030.98,1,2,2,122,5,Churned
CUST-1979,37,2,6095.93,5,2,2,522,9,New Customer
CUST-1980,57,2,6517.63,5,2,2,522,9,New Customer
CUST-1981,56,3,9924.58,5,4,3,543,12,Loyal
CUST-1983,8,3,10769.46,5,4,4,544,13,High Value
CUST-1984,527,1,2023.47,1,1,1,111,3,Churned
CUST-1985,121,1,143.47,4,1,1,411,6,New Customer
CUST-1986,344,2,11253.78,2,2,4,224,8,Churned
CUST-1987,25,4,16619.78,5,5,5,555,15,High Value
CUST-1988,345,1,4864.55,2,1,2,212,5,Churned
CUST-1989,153,3,3051.38,3,4,1,341,8,Loyal
CUST-1990,208,3,4258.79,3,4,2,342,9,Loyal
CUST-1991,151,4,18179.4,3,5,5,355,13,Loyal
CUST-1992,24,3,10315.16,5,4,3,543,12,Loyal
CUST-1993,26,1,5897.39,5,1,2,512,8,New Customer
CUST-1994,443,2,6652.78,1,2,2,122,5,Churned
CUST-1995,360,3,9440.21,2,4,3,243,9,At Risk
CUST-1996,266,3,16986.3,2,4,5,245,11,At Risk
CUST-1997,629,2,10503.25,1,2,3,123,6,Churned
CUST-1998,48,3,13310.31,5,4,4,544,13,High Value
CUST-1999,106,3,11746.79,4,4,4,444,12,High Value
CUST-2000,133,4,18751.93,3,5,5,355,13,Loyal
CUST-2001,355,3,13556.55,2,4,4,244,10,At Risk
CUST-2002,115,4,15370.09,4,5,4,454,13,High Value
CUST-2003,44,5,18212.75,5,5,5,555,15,High Value
CUST-2004,200,3,10779.87,3,4,4,344,11,Loyal
CUST-2005,137,3,20313.42,3,4,5,345,12,Loyal
CUST-2006,461,1,3790.22,1,1,2,112,4,Churned
CUST-2007,152,5,19472.29,3,5,5,355,13,Loyal
CUST-2008,670,1,720.6,1,1,1,111,3,Churned
CUST-2009,36,4,28125.77,5,5,5,555,15,High Value
CUST-2010,237,3,11388.84,3,4,4,344,11,Loyal
CUST-2011,132,2,5587.49,4,2,2,422,8,New Customer
CUST-2012,502,3,8397.47,1,4,3,143,8,At Risk
CUST-2013,116,4,18076.2,4,5,5,455,14,High Value
CUST-2014,510,1,5461.36,1,1,2,112,4,Churned
CUST-2015,249,4,14476.8,2,5,4,254,11,At Risk
CUST-2016,54,6,30024.13,5,5,5,555,15,High Value
CUST-2017,1,5,14999.15,5,5,4,554,14,High Value
CUST-2018,23,2,8329.23,5,2,3,523,10,New Customer
CUST-2019,252,3,4777.64,2,4,2,242,8,At Risk
CUST-2020,155,4,15736.66,3,5,5,355,13,Loyal
CUST-2021,289,1,2365.05,2,1,1,211,4,Churned
CUST-2022,350,1,3137.28,2,1,1,211,4,Churned
CUST-2023,2,2,7269.15,5,2,3,523,10,New Customer
CUST-2024,60,1,3774.06,5,1,2,512,8,New Customer
CUST-2025,171,1,2045.44,3,1,1,311,5,Potential
CUST-2027,494,1,3299.9,1,1,1,111,3,Churned
CUST-2029,98,6,19455.27,4,5,5,455,14,High Value
CUST-2030,15,3,8721.64,5,4,3,543,12,Loyal
CUST-2031,564,1,2229.01,1,1,1,111,3,Churned
CUST-2032,194,2,6089.1,3,2,2,322,7,Potential
CUST-2033,694,1,691.64,1,1,1,111,3,Churned
CUST-2034,221,5,13009.91,3,5,4,354,12,Loyal
CUST-2035,526,1,569.18,1,1,1,111,3,Churned
CUST-2036,215,3,8566.08,3,4,3,343,10,Loyal
CUST-2037,99,1,364.36,4,1,1,411,6,New Customer
CUST-2038,479,4,13751.89,1,5,4,154,10,At Risk
CUST-2039,256,3,18481.28,2,4,5,245,11,At Risk
CUST-2040,15,3,15422.79,5,4,4,544,13,High Value
CUST-2041,101,2,12067.45,4,2,4,424,10,New Customer
CUST-2042,358,2,5399.86,2,2,2,222,6,Churned
CUST-2043,620,1,8807.33,1,1,3,113,5,Churned
CUST-2044,90,2,7040.74,4,2,3,423,9,New Customer
CUST-2045,149,4,15511.56,3,5,4,354,12,Loyal
CUST-2046,101,4,20884.58,4,5,5,455,14,High Value
CUST-2047,318,3,4323.33,2,4,2,242,8,At Risk
CUST-2048,429,1,4060.29,1,1,2,112,4,Churned
CUST-2049,72,4,14438.97,4,5,4,454,13,High Value
CUST-2050,86,2,8619.36,4,2,3,423,9,New Customer
CUST-2052,460,1,918.64,1,1,1,111,3,Churned
CUST-2053,42,2,4042.63,5,2,2,522,9,New Customer
CUST-2054,555,1,745.7,1,1,1,111,3,Churned
CUST-2055,52,4,9876.54,5,5,3,553,13,Loyal
CUST-2057,30,5,26165.96,5,5,5,555,15,High Value
CUST-2058,350,1,9935.62,2,1,3,213,6,Churned
CUST-2059,315,2,3086.12,2,2,1,221,5,Churned
CUST-2060,192,2,9324.16,3,2,3,323,8,Potential
CUST-2062,275,1,5210.67,2,1,2,212,5,Churned
CUST-2063,355,2,2888.0,2,2,1,221,5,Churned
CUST-2064,352,1,3240.45,2,1,1,211,4,Churned
CUST-2065,696,1,3230.36,1,1,1,111,3,Churned
CUST-2066,277,3,12747.35,2,4,4,244,10,At Risk
CUST-2067,3,7,25859.46,5,5,5,555,15,High Value
CUST-2068,335,1,8006.31,2,1,3,213,6,Churned
CUST-2069,178,3,3826.05,3,4,2,342,9,Loyal
CUST-2070,690,2,19347.68,1,2,5,125,8,Churned
CUST-2071,610,1,5722.32,1,1,2,112,4,Churned
CUST-2072,199,2,13826.64,3,2,4,324,9,Potential
CUST-2073,63,4,17898.32,4,5,5,455,14,High Value
CUST-2074,39,3,14427.19,5,4,4,544,13,High Value
CUST-2075,110,3,11427.9,4,4,4,444,12,High Value
CUST-2076,365,3,14984.18,2,4,4,244,10,At Risk
CUST-2077,270,2,7775.54,2,2,3,223,7,Churned
CUST-2081,39,2,3107.15,5,2,1,521,8,New Customer
CUST-2082,457,3,5719.67,1,4,2,142,7,At Risk
CUST-2083,118,1,662.34,4,1,1,411,6,New Customer
CUST-2084,290,2,6565.41,2,2,2,222,6,Churned
CUST-2085,257,1,2562.75,2,1,1,211,4,Churned
CUST-2086,302,3,20347.29,2,4,5,245,11,At Risk
CUST-2087,127,3,13849.7,4,4,4,444,12,High Value
CUST-2088,75,4,16455.76,4,5,5,455,14,High Value
CUST-2089,141,4,31528.12,3,5,5,355,13,Loyal
CUST-2090,151,5,13237.48,3,5,4,354,12,Loyal
CUST-2091,672,1,5893.09,1,1,2,112,4,Churned
CUST-2092,20,5,17506.19,5,5,5,555,15,High Value
CUST-2093,231,3,10116.74,3,4,3,343,10,Loyal
CUST-2094,171,2,1239.55,3,2,1,321,6,Potential
CUST-2095,247,1,13308.74,2,1,4,214,7,Churned
CUST-2096,411,2,11683.53,1,2,4,124,7,Churned
CUST-2097,49,3,9056.63,5,4,3,543,12,Loyal
CUST-2098,136,3,4921.15,3,4,2,342,9,Loyal
CUST-2099,154,2,6314.25,3,2,2,322,7,Potential
CUST-2100,121,3,12527.72,4,4,4,444,12,High Value
CUST-2101,28,2,5343.45,5,2,2,522,9,New Customer
CUST-2102,352,2,10548.05,2,2,3,223,7,Churned
CUST-2103,575,2,11513.34,1,2,4,124,7,Churned
CUST-2104,378,1,2509.17,2,1,1,211,4,Churned
CUST-2105,187,3,6481.08,3,4,2,342,9,Loyal
CUST-2106,557,2,1975.53,1,2,1,121,4,Churned
CUST-2107,222,3,11705.76,3,4,4,344,11,Loyal
CUST-2108,32,3,7451.05,5,4,3,543,12,Loyal
CUST-2109,20,2,4924.55,5,2,2,522,9,New Customer
CUST-2110,424,1,391.75,1,1,1,111,3,Churned
CUST-2111,66,2,7093.73,4,2,3,423,9,New Customer
CUST-2112,364,3,13917.39,2,4,4,244,10,At Risk
CUST-2113,324,1,1983.5,2,1,1,211,4,Churned
CUST-2114,22,2,6994.5,5,2,3,523,10,New Customer
CUST-2115,191,2,3397.56,3,2,1,321,6,Potential
CUST-2116,127,2,6735.91,4,2,2,422,8,New Customer
CUST-2117,329,3,5230.33,2,4,2,242,8,At Risk
CUST-2118,37,4,10952.41,5,5,4,554,14,High Value
CUST-2119,282,3,19143.92,2,4,5,245,11,At Risk
CUST-2120,48,6,14223.12,5,5,4,554,14,High Value
CUST-2121,122,3,15673.35,4,4,4,444,12,High Value
CUST-2122,100,2,9982.71,4,2,3,423,9,New Customer
CUST-2123,184,2,4360.41,3,2,2,322,7,Potential
CUST-2124,287,2,20920.64,2,2,5,225,9,Churned
CUST-2125,131,3,9313.66,4,4,3,443,11,Loyal
CUST-2126,310,3,5970.1,2,4,2,242,8,At Risk
CUST-2127,72,1,2565.74,4,1,1,411,6,New Customer
CUST-2128,9,2,8727.84,5,2,3,523,10,New Customer
CUST-2129,60,3,12645.17,5,4,4,544,13,High Value
CUST-2130,229,2,9278.99,3,2,3,323,8,Potential
CUST-2131,52,5,35617.54,5,5,5,555,15,High Value
CUST-2132,327,4,18219.8,2,5,5,255,12,At Risk
CUST-2133,95,5,28133.29,4,5,5,455,14,High Value
CUST-2134,317,4,7896.49,2,5,3,253,10,At Risk
CUST-2135,440,1,2025.79,1,1,1,111,3,Churned
CUST-2136,257,4,20919.23,2,5,5,255,12,At Risk
CUST-2138,67,3,10437.22,4,4,3,443,11,Loyal
CUST-2139,141,2,11090.8,3,2,4,324,9,Potential
CUST-2141,510,1,1772.83,1,1,1,111,3,Churned
CUST-2142,16,2,10032.39,5,2,3,523,10,New Customer
CUST-2143,528,1,3651.78,1,1,2,112,4,Churned
CUST-2144,70,3,4529.62,4,4,2,442,10,Loyal
CUST-2145,542,1,10199.86,1,1,3,113,5,Churned
CUST-2146,55,2,9009.61,5,2,3,523,10,New Customer
CUST-2147,141,2,4746.88,3,2,2,322,7,Potential
CUST-2149,133,4,6472.44,3,5,2,352,10,Loyal
CUST-2150,234,4,11122.59,3,5,4,354,12,Loyal
CUST-2151,86,4,11993.88,4,5,4,454,13,High Value
CUST-2152,154,3,19701.41,3,4,5,345,12,Loyal
CUST-2153,297,1,4626.77,2,1,2,212,5,Churned
CUST-2154,87,5,27706.0,4,5,5,455,14,High Value
CUST-2155,81,3,9100.77,4,4,3,443,11,Loyal
CUST-2156,21,4,16199.1,5,5,5,555,15,High Value
CUST-2157,156,2,11622.53,3,2,4,324,9,Potential
CUST-2158,1,2,9033.58,5,2,3,523,10,New Customer
CUST-2159,48,5,26178.25,5,5,5,555,15,High Value
CUST-2160,136,2,12363.12,3,2,4,324,9,Potential
CUST-2162,634,2,5353.36,1,2,2,122,5,Churned
CUST-2164,336,3,6060.96,2,4,2,242,8,At Risk
CUST-2165,106,2,6519.65,4,2,2,422,8,New Customer
CUST-2167,399,3,14422.77,1,4,4,144,9,At Risk
CUST-2168,578,1,1508.22,1,1,1,111,3,Churned
CUST-2169,77,3,11097.41,4,4,4,444,12,High Value
CUST-2170,523,1,1617.19,1,1,1,111,3,Churned
CUST-2171,233,2,13061.87,3,2,4,324,9,Potential
CUST-2172,156,4,21519.12,3,5,5,355,13,Loyal
CUST-2173,125,2,6917.93,4,2,2,422,8,New Customer
CUST-2174,190,1,5127.62,3,1,2,312,6,Potential
CUST-2175,422,4,20519.65,1,5,5,155,11,At Risk
CUST-2176,133,3,17273.23,3,4,5,345,12,Loyal
CUST-2177,322,2,13539.66,2,2,4,224,8,Churned
CUST-2178,139,1,4646.83,3,1,2,312,6,Potential
CUST-2179,520,5,13556.9,1,5,4,154,10,At Risk
CUST-2180,314,4,5428.45,2,5,2,252,9,At Risk
CUST-2181,40,4,12284.55,5,5,4,554,14,High Value
CUST-2182,334,2,870.26,2,2,1,221,5,Churned
CUST-2183,271,4,11482.87,2,5,4,254,11,At Risk
CUST-2184,108,1,5344.37,4,1,2,412,7,New Customer
CUST-2185,22,2,16738.1,5,2,5,525,12,New Customer
CUST-2186,473,4,16151.79,1,5,5,155,11,At Risk
CUST-2187,170,3,5624.68,3,4,2,342,9,Loyal
CUST-2188,218,2,6116.73,3,2,2,322,7,Potential
CUST-2189,296,2,11274.53,2,2,4,224,8,Churned
CUST-2191,714,1,1652.81,1,1,1,111,3,Churned
CUST-2192,314,1,3113.02,2,1,1,211,4,Churned
CUST-2193,205,2,15918.69,3,2,5,325,10,Potential
CUST-2194,107,2,10935.91,4,2,4,424,10,New Customer
CUST-2195,114,3,7239.48,4,4,3,443,11,Loyal
CUST-2196,136,6,23572.09,3,5,5,355,13,Loyal
CUST-2197,394,4,10040.54,1,5,3,153,9,At Risk
CUST-2198,74,2,1883.04,4,2,1,421,7,New Customer
CUST-2199,368,2,6349.44,2,2,2,222,6,Churned
CUST-2200,347,1,183.88,2,1,1,211,4,Churned
CUST-2201,43,3,11483.73,5,4,4,544,13,High Value
CUST-2202,11,2,7993.12,5,2,3,523,10,New Customer
CUST-2203,302,5,10003.1,2,5,3,253,10,At Risk
CUST-2204,483,1,1863.36,1,1,1,111,3,Churned
CUST-2205,241,2,8469.66,2,2,3,223,7,Churned
CUST-2206,212,2,8561.08,3,2,3,323,8,Potential
CUST-2207,13,6,8405.83,5,5,3,553,13,Loyal
CUST-2208,147,3,12860.29,3,4,4,344,11,Loyal
CUST-2209,162,3,18479.41,3,4,5,345,12,Loyal
CUST-2210,108,3,10228.58,4,4,3,443,11,Loyal
CUST-2212,38,2,3035.16,5,2,1,521,8,New Customer
CUST-2213,93,5,7310.32,4,5,3,453,12,Loyal
CUST-2214,142,6,13783.36,3,5,4,354,12,Loyal
CUST-2215,79,2,4624.73,4,2,2,422,8,New Customer
CUST-2216,44,2,12877.55,5,2,4,524,11,New Customer
CUST-2217,300,3,6822.71,2,4,2,242,8,At Risk
CUST-2218,10,3,18223.89,5,4,5,545,14,High Value
CUST-2219,98,1,415.68,4,1,1,411,6,New Customer
CUST-2220,248,1,2955.96,2,1,1,211,4,Churned
CUST-2221,56,5,21136.6,5,5,5,555,15,High Value
CUST-2222,537,1,1183.17,1,1,1,111,3,Churned
CUST-2223,70,1,556.0,4,1,1,411,6,New Customer
CUST-2224,114,1,2500.0,4,1,1,411,6,New Customer
CUST-2225,154,1,531.85,3,1,1,311,5,Potential
CUST-2226,354,4,9878.42,2,5,3,253,10,At Risk
CUST-2227,387,3,19750.56,2,4,5,245,11,At Risk
CUST-2228,80,2,12685.59,4,2,4,424,10,New Customer
CUST-2229,50,2,14931.87,5,2,4,524,11,New Customer
CUST-2230,591,1,8575.71,1,1,3,113,5,Churned
CUST-2231,292,1,4104.04,2,1,2,212,5,Churned
CUST-2233,47,2,22773.88,5,2,5,525,12,New Customer
CUST-2234,183,3,14504.7,3,4,4,344,11,Loyal
CUST-2235,272,3,5933.0,2,4,2,242,8,At Risk
CUST-2237,13,2,12171.66,5,2,4,524,11,New Customer
CUST-2238,146,3,18028.92,3,4,5,345,12,Loyal
CUST-2239,453,2,454.29,1,2,1,121,4,Churned
CUST-2240,14,1,4724.82,5,1,2,512,8,New Customer
CUST-2241,480,4,22352.77,1,5,5,155,11,At Risk
CUST-2242,191,3,16916.01,3,4,5,345,12,Loyal
CUST-2243,290,1,4999.41,2,1,2,212,5,Churned
CUST-2244,607,1,11147.52,1,1,4,114,6,Churned
CUST-2245,264,2,7645.61,2,2,3,223,7,Churned
CUST-2246,534,2,7006.81,1,2,3,123,6,Churned
CUST-2247,99,3,5441.64,4,4,2,442,10,Loyal
CUST-2248,61,3,9319.75,4,4,3,443,11,Loyal
CUST-2250,76,2,6039.05,4,2,2,422,8,New Customer
CUST-2251,199,3,3254.19,3,4,1,341,8,Loyal
CUST-2252,646,3,9589.73,1,4,3,143,8,At Risk
CUST-2253,75,2,1743.61,4,2,1,421,7,New Customer
CUST-2254,29,1,4558.64,5,1,2,512,8,New Customer
CUST-2255,68,3,13566.5,4,4,4,444,12,High Value
CUST-2256,105,2,2835.43,4,2,1,421,7,New Customer
CUST-2257,631,1,4540.46,1,1,2,112,4,Churned
CUST-2258,48,1,3699.16,5,1,2,512,8,New Customer
CUST-2259,109,2,9256.13,4,2,3,423,9,New Customer
CUST-2260,286,2,3419.81,2,2,1,221,5,Churned
CUST-2261,180,1,3427.8,3,1,1,311,5,Potential
CUST-2262,321,2,10204.04,2,2,3,223,7,Churned
CUST-2263,65,1,2990.95,4,1,1,411,6,New Customer
CUST-2264,164,3,7633.91,3,4,3,343,10,Loyal
CUST-2265,258,2,5785.49,2,2,2,222,6,Churned
CUST-2266,102,3,9802.18,4,4,3,443,11,Loyal
CUST-2267,350,3,7209.14,2,4,3,243,9,At Risk
CUST-2268,351,1,1143.2,2,1,1,211,4,Churned
CUST-2269,64,2,8260.44,4,2,3,423,9,New Customer
CUST-2270,225,5,15924.4,3,5,5,355,13,Loyal
CUST-2271,28,3,7999.9,5,4,3,543,12,Loyal
CUST-2272,202,1,2557.48,3,1,1,311,5,Potential
CUST-2273,354,1,4058.5,2,1,2,212,5,Churned
CUST-2274,80,4,21740.28,4,5,5,455,14,High Value
CUST-2275,380,1,9787.44,2,1,3,213,6,Churned
CUST-2276,35,3,17505.72,5,4,5,545,14,High Value
CUST-2277,338,1,12312.57,2,1,4,214,7,Churned
CUST-2278,75,5,27253.19,4,5,5,455,14,High Value
CUST-2279,48,3,11836.4,5,4,4,544,13,High Value
CUST-2280,200,1,625.44,3,1,1,311,5,Potential
CUST-2281,649,1,8207.7,1,1,3,113,5,Churned
CUST-2282,235,2,11714.28,3,2,4,324,9,Potential
CUST-2283,276,2,6911.19,2,2,2,222,6,Churned
CUST-2284,65,1,1896.11,4,1,1,411,6,New Customer
CUST-2285,663,1,2008.18,1,1,1,111,3,Churned
CUST-2287,166,3,4767.99,3,4,2,342,9,Loyal
CUST-2288,20,5,19273.71,5,5,5,555,15,High Value
CUST-2289,474,2,13918.13,1,2,4,124,7,Churned
CUST-2290,311,1,1522.11,2,1,1,211,4,Churned
CUST-2291,439,2,4693.6,1,2,2,122,5,Churned
CUST-2292,94,3,725.29,4,4,1,441,9,Loyal
CUST-2293,332,2,2572.58,2,2,1,221,5,Churned
CUST-2294,673,1,1102.88,1,1,1,111,3,Churned
CUST-2295,678,1,1974.56,1,1,1,111,3,Churned
CUST-2297,148,2,6389.61,3,2,2,322,7,Potential
CUST-2298,467,3,8444.64,1,4,3,143,8,At Risk
CUST-2299,33,4,13355.89,5,5,4,554,14,High Value
CUST-2300,234,2,3125.79,3,2,1,321,6,Potential
CUST-2301,191,3,12852.38,3,4,4,344,11,Loyal
CUST-2302,17,1,2280.8,5,1,1,511,7,New Customer
CUST-2303,258,1,6434.57,2,1,2,212,5,Churned
CUST-2304,575,1,11299.51,1,1,4,114,6,Churned
CUST-2305,57,2,2579.52,5,2,1,521,8,New Customer
CUST-2306,421,1,3401.3,1,1,1,111,3,Churned
CUST-2307,713,1,7703.58,1,1,3,113,5,Churned
CUST-2308,332,2,4605.78,2,2,2,222,6,Churned
CUST-2309,610,1,332.54,1,1,1,111,3,Churned
CUST-2310,183,3,19207.89,3,4,5,345,12,Loyal
CUST-2311,36,4,17237.28,5,5,5,555,15,High Value
CUST-2312,31,3,9669.34,5,4,3,543,12,Loyal
CUST-2313,150,3,15638.13,3,4,4,344,11,Loyal
CUST-2314,168,3,4198.57,3,4,2,342,9,Loyal
CUST-2315,126,4,18169.27,4,5,5,455,14,High Value
CUST-2316,241,3,18541.58,2,4,5,245,11,At Risk
CUST-2317,695,1,1364.75,1,1,1,111,3,Churned
CUST-2318,228,3,6192.49,3,4,2,342,9,Loyal
CUST-2319,172,2,9116.53,3,2,3,323,8,Potential
CUST-2320,169,3,4902.63,3,4,2,342,9,Loyal
CUST-2321,163,4,16227.27,3,5,5,355,13,Loyal
CUST-2322,58,10,38692.96,5,5,5,555,15,High Value
CUST-2323,113,5,18671.63,4,5,5,455,14,High Value
CUST-2324,161,4,18446.39,3,5,5,355,13,Loyal
CUST-2325,314,5,20840.73,2,5,5,255,12,At Risk
CUST-2326,392,2,2329.97,1,2,1,121,4,Churned
CUST-2327,3,5,10882.58,5,5,4,554,14,High Value
CUST-2328,262,3,14527.1,2,4,4,244,10,At Risk
CUST-2330,27,2,2874.22,5,2,1,521,8,New Customer
CUST-2331,44,5,10055.52,5,5,3,553,13,Loyal
CUST-2332,71,8,38154.45,4,5,5,455,14,High Value
CUST-2333,731,1,7513.66,1,1,3,113,5,Churned
CUST-2334,456,4,12102.27,1,5,4,154,10,At Risk
CUST-2335,106,6,11319.93,4,5,4,454,13,High Value
CUST-2336,163,5,7550.55,3,5,3,353,11,Loyal
CUST-2337,113,2,14935.78,4,2,4,424,10,New Customer
CUST-2338,277,3,16375.75,2,4,5,245,11,At Risk
CUST-2339,177,2,5046.82,3,2,2,322,7,Potential
CUST-2340,228,2,4974.09,3,2,2,322,7,Potential
CUST-2341,46,4,6528.24,5,5,2,552,12,Loyal
CUST-2343,142,2,2833.93,3,2,1,321,6,Potential
CUST-2344,11,2,1208.05,5,2,1,521,8,New Customer
CUST-2345,276,2,6361.84,2,2,2,222,6,Churned
CUST-2346,522,3,15856.95,1,4,5,145,10,At Risk
CUST-2347,559,1,824.7,1,1,1,111,3,Churned
CUST-2348,107,4,11441.21,4,5,4,454,13,High Value
CUST-2349,353,2,4354.75,2,3,2,232,7,At Risk
CUST-2350,83,3,3160.78,4,4,1,441,9,Loyal
CUST-2351,236,1,580.51,3,1,1,311,5,Potential
CUST-2352,171,2,2324.77,3,3,1,331,7,Loyal
CUST-2353,11,5,20199.57,5,5,5,555,15,High Value
CUST-2354,453,1,1559.6,1,1,1,111,3,Churned
CUST-2355,76,3,15453.75,4,4,4,444,12,High Value
CUST-2356,33,4,7297.64,5,5,3,553,13,Loyal
CUST-2357,265,3,11903.54,2,4,4,244,10,At Risk
CUST-2358,73,2,9998.59,4,3,3,433,10,Loyal
CUST-2359,311,3,14206.25,2,4,4,244,10,At Risk
CUST-2360,605,2,3511.23,1,3,1,131,5,At Risk
CUST-2361,133,3,1808.97,3,4,1,341,8,Loyal
CUST-2362,352,2,23290.83,2,3,5,235,10,At Risk
CUST-2363,13,2,14816.05,5,3,4,534,12,Loyal
CUST-2365,220,3,11907.87,3,4,4,344,11,Loyal
CUST-2366,613,2,5121.49,1,3,2,132,6,At Risk
CUST-2367,108,6,17226.46,4,5,5,455,14,High Value
CUST-2368,283,4,18612.43,2,5,5,255,12,At Risk
CUST-2369,9,1,5519.29,5,1,2,512,8,New Customer
CUST-2370,364,2,7932.36,2,3,3,233,8,At Risk
CUST-2372,203,5,22608.6,3,5,5,355,13,Loyal
CUST-2373,42,4,20738.45,5,5,5,555,15,High Value
CUST-2374,202,5,20169.46,3,5,5,355,13,Loyal
CUST-2375,139,3,4489.27,3,4,2,342,9,Loyal
CUST-2376,432,1,1025.98,1,1,1,111,3,Churned
CUST-2377,320,1,10624.32,2,1,4,214,7,Churned
CUST-2378,142,2,10914.78,3,3,4,334,10,Loyal
CUST-2379,168,3,20097.05,3,4,5,345,12,Loyal
CUST-2380,28,3,22011.44,5,4,5,545,14,High Value
CUST-2381,1,4,7383.77,5,5,3,553,13,Loyal
CUST-2382,109,2,7766.43,4,3,3,433,10,Loyal
CUST-2383,218,4,13233.27,3,5,4,354,12,Loyal
CUST-2384,428,1,6982.49,1,1,2,112,4,Churned
CUST-2385,341,6,27868.24,2,5,5,255,12,At Risk
CUST-2386,211,1,1751.74,3,1,1,311,5,Potential
CUST-2387,363,5,11976.48,2,5,4,254,11,At Risk
CUST-2388,688,1,533.25,1,1,1,111,3,Churned
CUST-2389,277,3,7832.01,2,4,3,243,9,At Risk
CUST-2390,299,2,8084.08,2,3,3,233,8,At Risk
CUST-2391,423,1,3900.71,1,1,2,112,4,Churned
CUST-2392,143,3,9264.3,3,4,3,343,10,Loyal
CUST-2393,141,2,4260.08,3,3,2,332,8,Loyal
CUST-2394,22,2,7562.7,5,3,3,533,11,Loyal
CUST-2395,187,2,17684.85,3,3,5,335,11,Loyal
CUST-2396,65,2,12277.11,4,3,4,434,11,Loyal
CUST-2398,1,6,12942.81,5,5,4,554,14,High Value
CUST-2399,560,2,1705.7,1,3,1,131,5,At Risk
CUST-2400,29,6,25500.23,5,5,5,555,15,High Value
CUST-2401,172,8,41223.49,3,5,5,355,13,Loyal
CUST-2402,685,3,12914.02,1,4,4,144,9,At Risk
CUST-2403,12,3,5717.72,5,4,2,542,11,Loyal
CUST-2404,64,4,17961.86,4,5,5,455,14,High Value
CUST-2405,682,1,4821.02,1,1,2,112,4,Churned
CUST-2406,302,2,10795.55,2,3,4,234,9,At Risk
CUST-2407,1,2,6402.21,5,3,2,532,10,Loyal
CUST-2408,121,5,11362.93,4,5,4,454,13,High Value
CUST-2409,188,4,10069.9,3,5,3,353,11,Loyal
CUST-2410,280,2,6062.09,2,3,2,232,7,At Risk
CUST-2411,89,3,11322.23,4,4,4,444,12,High Value
CUST-2412,292,3,11224.58,2,4,4,244,10,At Risk
CUST-2414,54,5,20457.44,5,5,5,555,15,High Value
CUST-2415,114,4,8886.22,4,5,3,453,12,Loyal
CUST-2416,249,4,26404.38,2,5,5,255,12,At Risk
CUST-2417,55,4,23056.99,5,5,5,555,15,High Value
CUST-2418,61,5,6735.88,4,5,2,452,11,Loyal
CUST-2419,497,1,9922.72,1,1,3,113,5,Churned
CUST-2420,145,3,11998.21,3,4,4,344,11,Loyal
CUST-2421,639,1,2290.7,1,1,1,111,3,Churned
CUST-2422,307,2,6533.19,2,3,2,232,7,At Risk
CUST-2423,162,2,5031.8,3,3,2,332,8,Loyal
CUST-2424,59,4,19927.12,5,5,5,555,15,High Value
CUST-2425,45,5,12030.1,5,5,4,554,14,High Value
CUST-2426,162,4,7029.97,3,5,3,353,11,Loyal
CUST-2427,387,2,3609.32,2,3,1,231,6,At Risk
CUST-2428,391,2,5755.17,1,3,2,132,6,At Risk
CUST-2429,145,3,17648.44,3,4,5,345,12,Loyal
CUST-2430,566,2,10629.53,1,3,4,134,8,At Risk
CUST-2431,238,3,12377.37,3,4,4,344,11,Loyal
CUST-2432,465,2,5175.11,1,3,2,132,6,At Risk
CUST-2433,63,4,11799.49,4,5,4,454,13,High Value
CUST-2434,728,1,3503.6,1,1,1,111,3,Churned
CUST-2435,208,3,5962.49,3,4,2,342,9,Loyal
CUST-2436,366,3,21679.81,2,4,5,245,11,At Risk
CUST-2437,95,4,10865.6,4,5,4,454,13,High Value
CUST-2438,563,1,4447.88,1,1,2,112,4,Churned
CUST-2439,145,3,20489.68,3,4,5,345,12,Loyal
CUST-2440,16,4,18049.05,5,5,5,555,15,High Value
CUST-2441,79,2,13958.73,4,3,4,434,11,Loyal
CUST-2442,272,2,5279.76,2,3,2,232,7,At Risk
CUST-2443,172,5,12892.68,3,5,4,354,12,Loyal
CUST-2444,17,2,6657.58,5,3,2,532,10,Loyal
CUST-2445,94,2,4386.11,4,3,2,432,9,Loyal
CUST-2446,26,4,15573.8,5,5,4,554,14,High Value
CUST-2448,95,3,5613.71,4,4,2,442,10,Loyal
CUST-2449,333,1,2848.68,2,1,1,211,4,Churned
CUST-2450,16,2,9580.31,5,3,3,533,11,Loyal
CUST-2451,231,3,12666.98,3,4,4,344,11,Loyal
CUST-2452,620,1,822.71,1,1,1,111,3,Churned
CUST-2453,272,3,17411.78,2,4,5,245,11,At Risk
CUST-2454,118,3,14266.37,4,4,4,444,12,High Value
CUST-2455,109,3,11466.26,4,4,4,444,12,High Value
CUST-2456,29,4,11357.22,5,5,4,554,14,High Value
CUST-2457,15,3,7084.48,5,4,3,543,12,Loyal
CUST-2458,414,1,2506.78,1,1,1,111,3,Churned
CUST-2459,187,3,12801.83,3,4,4,344,11,Loyal
CUST-2460,29,6,26444.25,5,5,5,555,15,High Value
CUST-2462,18,2,2747.91,5,3,1,531,9,Loyal
CUST-2463,291,2,7482.82,2,3,3,233,8,At Risk
CUST-2464,94,4,13290.61,4,5,4,454,13,High Value
CUST-2465,148,1,2465.98,3,1,1,311,5,Potential
CUST-2466,112,2,8068.99,4,3,3,433,10,Loyal
CUST-2467,10,5,26136.76,5,5,5,555,15,High Value
CUST-2468,167,4,25958.94,3,5,5,355,13,Loyal
CUST-2469,142,2,3044.63,3,3,1,331,7,Loyal
CUST-2470,131,2,6070.93,4,3,2,432,9,Loyal
CUST-2471,177,4,12107.65,3,5,4,354,12,Loyal
CUST-2472,357,6,20518.02,2,5,5,255,12,At Risk
CUST-2473,48,1,6894.72,5,1,2,512,8,New Customer
CUST-2474,414,2,10966.82,1,3,4,134,8,At Risk
CUST-2475,623,2,19751.58,1,3,5,135,9,At Risk
CUST-2476,509,2,15281.28,1,3,4,134,8,At Risk
CUST-2477,111,2,9899.03,4,3,3,433,10,Loyal
CUST-2478,89,2,3832.14,4,3,2,432,9,Loyal
CUST-2479,124,3,5707.82,4,4,2,442,10,Loyal
CUST-2480,194,5,14510.94,3,5,4,354,12,Loyal
CUST-2481,25,3,5814.85,5,4,2,542,11,Loyal
CUST-2482,150,3,6160.06,3,4,2,342,9,Loyal
CUST-2483,215,4,22063.51,3,5,5,355,13,Loyal
CUST-2484,262,1,8734.01,2,1,3,213,6,Churned
CUST-2485,84,5,16809.27,4,5,5,455,14,High Value
CUST-2486,271,3,19679.89,2,4,5,245,11,At Risk
CUST-2487,269,2,3614.12,2,3,1,231,6,At Risk
CUST-2488,497,1,1460.94,1,1,1,111,3,Churned
CUST-2489,88,3,9457.43,4,4,3,443,11,Loyal
CUST-2490,273,1,3242.38,2,1,1,211,4,Churned
CUST-2491,345,1,10000.48,2,1,3,213,6,Churned
CUST-2492,248,6,29683.43,2,5,5,255,12,At Risk
CUST-2493,248,2,7477.13,2,3,3,233,8,At Risk
CUST-2494,91,2,3641.42,4,3,2,432,9,Loyal
CUST-2496,326,2,9177.38,2,3,3,233,8,At Risk
CUST-2497,69,5,9144.22,4,5,3,453,12,Loyal
CUST-2498,58,1,2135.59,5,1,1,511,7,New Customer
CUST-2499,18,2,3403.93,5,3,1,531,9,Loyal
CUST-2500,122,3,11714.68,4,4,4,444,12,High Value
CUST-2501,104,5,18765.79,4,5,5,455,14,High Value
CUST-2502,88,3,14977.95,4,4,4,444,12,High Value
CUST-2503,442,2,8640.64,1,3,3,133,7,At Risk
CUST-2504,405,3,17371.96,1,4,5,145,10,At Risk
CUST-2505,58,5,15228.09,5,5,4,554,14,High Value
CUST-2506,433,2,8198.73,1,3,3,133,7,At Risk
CUST-2507,239,3,18662.91,2,4,5,245,11,At Risk
CUST-2508,489,2,5565.04,1,3,2,132,6,At Risk
CUST-2509,106,2,4157.97,4,3,2,432,9,Loyal
CUST-2511,452,2,8455.93,1,3,3,133,7,At Risk
CUST-2512,88,1,2465.56,4,1,1,411,6,New Customer
CUST-2513,175,6,16877.79,3,5,5,355,13,Loyal
CUST-2514,26,4,6552.01,5,5,2,552,12,Loyal
CUST-2515,423,1,693.09,1,1,1,111,3,Churned
CUST-2516,81,7,35856.58,4,5,5,455,14,High Value
CUST-2517,375,1,425.62,2,1,1,211,4,Churned
CUST-2518,287,2,10210.16,2,3,3,233,8,At Risk
CUST-2520,104,3,21176.28,4,4,5,445,13,High Value
CUST-2521,33,4,10894.74,5,5,4,554,14,High Value
CUST-2522,95,3,9386.05,4,4,3,443,11,Loyal
CUST-2523,393,2,8528.97,1,3,3,133,7,At Risk
CUST-2524,26,4,8311.05,5,5,3,553,13,Loyal
CUST-2525,240,3,7802.58,2,4,3,243,9,At Risk
CUST-2526,189,2,12869.47,3,3,4,334,10,Loyal
CUST-2528,410,1,4836.92,1,1,2,112,4,Churned
CUST-2529,79,7,16655.53,4,5,5,455,14,High Value
CUST-2530,19,2,2761.78,5,3,1,531,9,Loyal
CUST-2531,102,1,4885.43,4,1,2,412,7,New Customer
CUST-2532,145,2,6856.97,3,3,2,332,8,Loyal
CUST-2533,39,9,31309.28,5,5,5,555,15,High Value
CUST-2534,319,2,5027.99,2,3,2,232,7,At Risk
CUST-2535,418,3,12523.42,1,4,4,144,9,At Risk
CUST-2537,238,3,4718.12,3,4,2,342,9,Loyal
CUST-2538,356,1,317.68,2,1,1,211,4,Churned
CUST-2539,54,6,14434.85,5,5,4,554,14,High Value
CUST-2540,125,2,1615.56,4,3,1,431,8,Loyal
CUST-2541,57,4,6686.58,5,5,2,552,12,Loyal
CUST-2542,18,7,27469.57,5,5,5,555,15,High Value
CUST-2543,111,2,2569.32,4,3,1,431,8,Loyal
CUST-2544,382,1,3451.2,2,1,1,211,4,Churned
CUST-2546,66,3,14434.76,4,4,4,444,12,High Value
CUST-2547,512,1,1687.24,1,1,1,111,3,Churned
CUST-2548,85,5,31074.7,4,5,5,455,14,High Value
CUST-2549,98,3,6701.24,4,4,2,442,10,Loyal
CUST-2550,159,2,338.04,3,3,1,331,7,Loyal
CUST-2551,151,3,17532.32,3,4,5,345,12,Loyal
CUST-2552,363,2,4401.63,2,3,2,232,7,At Risk
CUST-2553,393,3,24543.32,1,4,5,145,10,At Risk
CUST-2554,92,4,10250.49,4,5,3,453,12,Loyal
CUST-2555,57,1,3146.34,5,1,1,511,7,New Customer
CUST-2556,92,5,9499.53,4,5,3,453,12,Loyal
CUST-2557,395,1,2259.21,1,1,1,111,3,Churned
CUST-2558,471,1,2473.46,1,1,1,111,3,Churned
CUST-2559,276,2,9578.24,2,3,3,233,8,At Risk
CUST-2560,55,1,7938.36,5,1,3,513,9,New Customer
CUST-2561,297,4,10812.12,2,5,4,254,11,At Risk
CUST-2562,262,3,5961.6,2,4,2,242,8,At Risk
CUST-2563,451,1,2487.74,1,1,1,111,3,Churned
CUST-2565,117,5,12579.69,4,5,4,454,13,High Value
CUST-2566,133,2,14167.32,3,3,4,334,10,Loyal
CUST-2567,191,4,18745.79,3,5,5,355,13,Loyal
CUST-2568,345,1,394.44,2,1,1,211,4,Churned
CUST-2569,91,1,8635.4,4,1,3,413,8,New Customer
CUST-2570,254,3,18054.23,2,4,5,245,11,At Risk
CUST-2571,109,2,3543.21,4,3,1,431,8,Loyal
CUST-2572,70,2,14131.27,4,3,4,434,11,Loyal
CUST-2573,124,4,12732.11,4,5,4,454,13,High Value
CUST-2574,18,3,11716.13,5,4,4,544,13,High Value
CUST-2575,370,2,7726.59,2,3,3,233,8,At Risk
CUST-2576,66,2,9702.57,4,3,3,433,10,Loyal
CUST-2577,301,1,7885.24,2,1,3,213,6,Churned
CUST-2578,32,4,8664.28,5,5,3,553,13,Loyal
CUST-2579,529,1,2482.78,1,1,1,111,3,Churned
CUST-2583,94,2,1082.11,4,3,1,431,8,Loyal
CUST-2584,86,2,7197.71,4,3,3,433,10,Loyal
CUST-2585,296,2,8066.77,2,3,3,233,8,At Risk
CUST-2587,240,6,16396.37,2,5,5,255,12,At Risk
CUST-2588,525,1,8151.38,1,1,3,113,5,Churned
CUST-2589,455,2,5497.74,1,3,2,132,6,At Risk
CUST-2590,134,5,24421.26,3,5,5,355,13,Loyal
CUST-2591,466,1,102.34,1,1,1,111,3,Churned
CUST-2592,36,2,1539.5,5,3,1,531,9,Loyal
CUST-2593,33,2,13026.51,5,3,4,534,12,Loyal
CUST-2594,542,3,8625.97,1,4,3,143,8,At Risk
CUST-2595,107,2,6055.86,4,3,2,432,9,Loyal
CUST-2596,548,1,3325.06,1,1,1,111,3,Churned
CUST-2597,13,2,15120.64,5,3,4,534,12,Loyal
CUST-2598,6,2,1630.65,5,3,1,531,9,Loyal
CUST-2599,7,5,21396.97,5,5,5,555,15,High Value
CUST-2600,171,2,14305.67,3,3,4,334,10,Loyal
CUST-2601,28,3,10360.39,5,4,3,543,12,Loyal
CUST-2602,213,3,12136.4,3,4,4,344,11,Loyal
CUST-2603,591,1,236.22,1,1,1,111,3,Churned
CUST-2604,624,1,483.08,1,1,1,111,3,Churned
CUST-2605,53,4,9271.9,5,5,3,553,13,Loyal
CUST-2606,281,1,6571.87,2,1,2,212,5,Churned
CUST-2608,60,3,8846.95,5,4,3,543,12,Loyal
CUST-2610,315,2,6984.68,2,3,2,232,7,At Risk
CUST-2611,80,2,9525.76,4,3,3,433,10,Loyal
CUST-2612,159,4,16214.11,3,5,5,355,13,Loyal
CUST-2614,575,2,7835.13,1,3,3,133,7,At Risk
CUST-2615,47,3,13868.14,5,4,4,544,13,High Value
CUST-2616,436,1,1193.6,1,1,1,111,3,Churned
CUST-2617,69,4,18756.11,4,5,5,455,14,High Value
CUST-2619,321,4,14874.0,2,5,4,254,11,At Risk
CUST-2620,20,5,12814.83,5,5,4,554,14,High Value
CUST-2621,648,2,5248.97,1,3,2,132,6,At Risk
CUST-2622,640,2,14364.9,1,3,4,134,8,At Risk
CUST-2623,93,4,10685.88,4,5,4,454,13,High Value
CUST-2624,120,5,7790.27,4,5,3,453,12,Loyal
CUST-2625,379,4,7432.99,2,5,3,253,10,At Risk
CUST-2626,246,3,22352.39,2,4,5,245,11,At Risk
CUST-2627,457,2,7816.08,1,3,3,133,7,At Risk
CUST-2629,96,3,12510.48,4,4,4,444,12,High Value
CUST-2630,24,5,23230.77,5,5,5,555,15,High Value
CUST-2631,134,2,7504.29,3,3,3,333,9,Loyal
CUST-2632,479,2,9155.43,1,3,3,133,7,At Risk
CUST-2633,559,1,2869.12,1,1,1,111,3,Churned
CUST-2634,35,3,20007.37,5,4,5,545,14,High Value
CUST-2635,333,1,1173.79,2,1,1,211,4,Churned
CUST-2636,636,1,3996.46,1,1,2,112,4,Churned
CUST-2637,3,4,16602.88,5,5,5,555,15,High Value
CUST-2638,5,5,30311.52,5,5,5,555,15,High Value
CUST-2640,140,2,5898.08,3,3,2,332,8,Loyal
CUST-2641,77,1,362.15,4,1,1,411,6,New Customer
CUST-2642,52,3,9431.63,5,4,3,543,12,Loyal
CUST-2643,634,1,4652.8,1,1,2,112,4,Churned
CUST-2644,522,1,1916.98,1,1,1,111,3,Churned
CUST-2645,462,4,15114.2,1,5,4,154,10,At Risk
CUST-2646,339,3,16673.47,2,4,5,245,11,At Risk
CUST-2647,268,3,11862.29,2,4,4,244,10,At Risk
CUST-2648,331,1,1691.04,2,1,1,211,4,Churned
CUST-2649,212,4,5694.04,3,5,2,352,10,Loyal
CUST-2650,429,1,1255.94,1,1,1,111,3,Churned
CUST-2651,8,3,12496.38,5,4,4,544,13,High Value
CUST-2652,205,4,24047.54,3,5,5,355,13,Loyal
CUST-2653,563,1,498.54,1,1,1,111,3,Churned
CUST-2654,232,2,2896.58,3,3,1,331,7,Loyal
CUST-2655,28,4,11355.84,5,5,4,554,14,High Value
CUST-2656,559,2,4855.75,1,3,2,132,6,At Risk
CUST-2657,253,3,7724.75,2,4,3,243,9,At Risk
CUST-2659,101,7,31804.14,4,5,5,455,14,High Value
CUST-2660,152,4,24132.58,3,5,5,355,13,Loyal
CUST-2661,122,2,6350.64,4,3,2,432,9,Loyal
CUST-2662,172,2,17408.68,3,3,5,335,11,Loyal
CUST-2663,217,3,16400.38,3,4,5,345,12,Loyal
CUST-2664,146,2,1608.09,3,3,1,331,7,Loyal
CUST-2666,107,1,1766.57,4,1,1,411,6,New Customer
CUST-2667,304,4,8341.93,2,5,3,253,10,At Risk
CUST-2668,196,4,11662.0,3,5,4,354,12,Loyal
CUST-2669,93,4,13912.08,4,5,4,454,13,High Value
CUST-2670,50,3,21098.65,5,4,5,545,14,High Value
CUST-2671,170,2,3741.36,3,3,2,332,8,Loyal
CUST-2672,27,1,5230.56,5,1,2,512,8,New Customer
CUST-2673,39,5,9818.48,5,5,3,553,13,Loyal
CUST-2674,130,2,7814.24,4,3,3,433,10,Loyal
CUST-2675,100,4,26044.86,4,5,5,455,14,High Value
CUST-2676,435,2,5512.1,1,3,2,132,6,At Risk
CUST-2677,24,2,8633.29,5,3,3,533,11,Loyal
CUST-2678,452,1,715.9,1,1,1,111,3,Churned
CUST-2679,458,1,3799.52,1,1,2,112,4,Churned
CUST-2681,110,2,9110.95,4,3,3,433,10,Loyal
CUST-2682,226,2,7571.81,3,3,3,333,9,Loyal
CUST-2683,55,3,13575.72,5,4,4,544,13,High Value
CUST-2684,67,2,8568.79,4,3,3,433,10,Loyal
CUST-2686,411,1,2332.91,1,1,1,111,3,Churned
CUST-2687,513,2,8789.06,1,3,3,133,7,At Risk
CUST-2688,41,3,20741.58,5,4,5,545,14,High Value
CUST-2689,388,3,6504.71,1,4,2,142,7,At Risk
CUST-2690,295,2,2655.25,2,3,1,231,6,At Risk
CUST-2691,21,4,6771.6,5,5,2,552,12,Loyal
CUST-2692,54,2,2748.66,5,3,1,531,9,Loyal
CUST-2695,261,3,10068.43,2,4,3,243,9,At Risk
CUST-2696,460,2,8902.78,1,3,3,133,7,At Risk
CUST-2697,374,1,1585.33,2,1,1,211,4,Churned
CUST-2698,449,3,11901.77,1,4,4,144,9,At Risk
CUST-2699,18,2,8166.58,5,3,3,533,11,Loyal
CUST-2700,54,4,14658.08,5,5,4,554,14,High Value
CUST-2701,20,2,5164.87,5,3,2,532,10,Loyal
CUST-2702,325,3,11542.44,2,4,4,244,10,At Risk
CUST-2703,50,7,29892.57,5,5,5,555,15,High Value
CUST-2704,119,3,9035.11,4,4,3,443,11,Loyal
CUST-2705,38,4,16316.35,5,5,5,555,15,High Value
CUST-2707,529,2,6662.51,1,3,2,132,6,At Risk
CUST-2708,14,3,6852.66,5,4,2,542,11,Loyal
CUST-2709,103,2,1252.64,4,3,1,431,8,Loyal
CUST-2710,526,1,3164.59,1,1,1,111,3,Churned
CUST-2711,175,2,8284.93,3,3,3,333,9,Loyal
CUST-2712,5,3,4623.02,5,4,2,542,11,Loyal
CUST-2713,31,1,893.32,5,1,1,511,7,New Customer
CUST-2714,262,1,691.25,2,1,1,211,4,Churned
CUST-2715,126,4,15527.11,4,5,4,454,13,High Value
CUST-2716,43,1,4008.5,5,1,2,512,8,New Customer
CUST-2717,170,3,13973.95,3,4,4,344,11,Loyal
CUST-2718,322,2,7461.54,2,3,3,233,8,At Risk
CUST-2719,41,3,26568.7,5,4,5,545,14,High Value
CUST-2720,337,4,10694.86,2,5,4,254,11,At Risk
CUST-2721,89,2,11729.98,4,3,4,434,11,Loyal
CUST-2722,328,3,4018.62,2,4,2,242,8,At Risk
CUST-2723,420,3,31666.0,1,4,5,145,10,At Risk
CUST-2724,37,3,9235.35,5,4,3,543,12,Loyal
CUST-2725,326,2,10278.2,2,3,3,233,8,At Risk
CUST-2728,146,4,15057.68,3,5,4,354,12,Loyal
CUST-2729,44,3,18728.81,5,4,5,545,14,High Value
CUST-2730,410,1,3305.81,1,1,1,111,3,Churned
CUST-2731,81,3,8924.3,4,4,3,443,11,Loyal
CUST-2732,344,4,14658.38,2,5,4,254,11,At Risk
CUST-2733,131,3,11333.7,4,4,4,444,12,High Value
CUST-2734,26,3,12615.16,5,4,4,544,13,High Value
CUST-2735,408,2,3958.83,1,3,2,132,6,At Risk
CUST-2736,255,6,35945.19,2,5,5,255,12,At Risk
CUST-2737,330,3,9538.7,2,4,3,243,9,At Risk
CUST-2738,476,1,7162.18,1,1,3,113,5,Churned
CUST-2739,15,2,1715.34,5,3,1,531,9,Loyal
CUST-2740,31,3,9658.37,5,4,3,543,12,Loyal
CUST-2741,705,1,3762.46,1,1,2,112,4,Churned
CUST-2742,121,2,13166.87,4,3,4,434,11,Loyal
CUST-2743,178,3,8981.17,3,4,3,343,10,Loyal
CUST-2744,513,3,10075.35,1,4,3,143,8,At Risk
CUST-2745,18,4,10479.27,5,5,3,553,13,Loyal
CUST-2746,315,1,3256.7,2,1,1,211,4,Churned
CUST-2747,23,4,6654.8,5,5,2,552,12,Loyal
CUST-2748,210,2,7398.96,3,3,3,333,9,Loyal
CUST-2749,123,5,11393.6,4,5,4,454,13,High Value
CUST-2750,80,1,900.6,4,1,1,411,6,New Customer
CUST-2751,174,2,9037.26,3,3,3,333,9,Loyal
CUST-2752,534,3,14821.09,1,4,4,144,9,At Risk
CUST-2753,51,4,15656.24,5,5,4,554,14,High Value
CUST-2754,22,2,12402.05,5,3,4,534,12,Loyal
CUST-2755,105,4,23228.4,4,5,5,455,14,High Value
CUST-2756,92,2,7089.28,4,3,3,433,10,Loyal
CUST-2757,218,1,1000.35,3,1,1,311,5,Potential
CUST-2758,626,1,572.86,1,1,1,111,3,Churned
CUST-2759,623,1,3664.37,1,1,2,112,4,Churned
CUST-2760,180,4,12540.66,3,5,4,354,12,Loyal
CUST-2761,345,5,14310.29,2,5,4,254,11,At Risk
CUST-2762,83,2,9980.12,4,3,3,433,10,Loyal
CUST-2763,258,3,6283.98,2,4,2,242,8,At Risk
CUST-2764,67,3,7949.23,4,4,3,443,11,Loyal
CUST-2765,41,1,5543.31,5,1,2,512,8,New Customer
CUST-2766,94,3,7970.42,4,4,3,443,11,Loyal
CUST-2767,534,2,6951.52,1,3,2,132,6,At Risk
CUST-2768,369,2,7212.6,2,3,3,233,8,At Risk
CUST-2769,214,2,6382.58,3,3,2,332,8,Loyal
CUST-2770,69,4,7814.83,4,5,3,453,12,Loyal
CUST-2771,20,3,14035.97,5,4,4,544,13,High Value
CUST-2772,30,5,18091.4,5,5,5,555,15,High Value
CUST-2773,564,1,4000.11,1,1,2,112,4,Churned
CUST-2774,241,5,11491.85,2,5,4,254,11,At Risk
CUST-2775,284,1,6543.3,2,1,2,212,5,Churned
CUST-2776,115,4,11738.03,4,5,4,454,13,High Value
CUST-2777,168,1,2937.07,3,1,1,311,5,Potential
CUST-2779,644,1,303.77,1,1,1,111,3,Churned
CUST-2780,632,2,3468.38,1,3,1,131,5,At Risk
CUST-2781,394,4,14133.05,1,5,4,154,10,At Risk
CUST-2782,349,6,23088.6,2,5,5,255,12,At Risk
CUST-2783,188,3,11078.28,3,4,4,344,11,Loyal
CUST-2784,313,3,9279.0,2,4,3,243,9,At Risk
CUST-2786,82,3,8120.94,4,4,3,443,11,Loyal
CUST-2787,463,1,1476.81,1,1,1,111,3,Churned
CUST-2789,269,4,18033.74,2,5,5,255,12,At Risk
CUST-2790,387,2,14408.02,2,3,4,234,9,At Risk
CUST-2791,293,1,6954.23,2,1,2,212,5,Churned
CUST-2792,155,2,2591.7,3,3,1,331,7,Loyal
CUST-2793,68,3,5784.37,4,4,2,442,10,Loyal
CUST-2794,161,2,6595.07,3,3,2,332,8,Loyal
CUST-2795,141,2,15259.92,3,3,4,334,10,Loyal
CUST-2796,88,5,14957.21,4,5,4,454,13,High Value
CUST-2797,9,2,5420.21,5,3,2,532,10,Loyal
CUST-2798,183,3,9518.2,3,4,3,343,10,Loyal
CUST-2799,136,2,10930.09,3,3,4,334,10,Loyal
CUST-2800,224,1,9525.79,3,1,3,313,7,Potential
CUST-2801,50,2,11066.67,5,3,4,534,12,Loyal
CUST-2802,113,7,19369.84,4,5,5,455,14,High Value
CUST-2803,104,4,30181.67,4,5,5,455,14,High Value
CUST-2804,580,1,129.06,1,1,1,111,3,Churned
CUST-2805,552,1,1223.79,1,1,1,111,3,Churned
CUST-2806,267,4,11058.61,2,5,4,254,11,At Risk
CUST-2807,304,3,8603.55,2,4,3,243,9,At Risk
CUST-2809,47,6,18832.45,5,5,5,555,15,High Value
CUST-2810,449,1,3344.04,1,1,1,111,3,Churned
CUST-2811,3,1,183.12,5,1,1,511,7,New Customer
CUST-2812,43,2,8615.92,5,3,3,533,11,Loyal
CUST-2813,259,3,17910.98,2,4,5,245,11,At Risk
CUST-2814,285,1,1114.47,2,1,1,211,4,Churned
CUST-2815,178,4,12757.85,3,5,4,354,12,Loyal
CUST-2816,697,1,277.32,1,1,1,111,3,Churned
CUST-2817,1,3,5543.31,5,4,2,542,11,Loyal
CUST-2818,61,7,29829.53,4,5,5,455,14,High Value
CUST-2819,446,3,8995.36,1,4,3,143,8,At Risk
CUST-2820,118,2,7403.12,4,3,3,433,10,Loyal
CUST-2821,220,3,10094.04,3,4,3,343,10,Loyal
CUST-2822,82,3,8260.95,4,4,3,443,11,Loyal
CUST-2823,282,3,14726.45,2,4,4,244,10,At Risk
CUST-2824,403,1,926.45,1,1,1,111,3,Churned
CUST-2825,130,5,12021.77,4,5,4,454,13,High Value
CUST-2826,130,5,10317.23,4,5,3,453,12,Loyal
CUST-2827,97,2,7143.38,4,3,3,433,10,Loyal
CUST-2828,29,2,6840.59,5,3,2,532,10,Loyal
CUST-2829,56,5,12866.11,5,5,4,554,14,High Value
CUST-2830,446,1,2569.34,1,1,1,111,3,Churned
CUST-2831,256,2,8767.91,2,3,3,233,8,At Risk
CUST-2832,303,2,9256.2,2,3,3,233,8,At Risk
CUST-2833,17,2,8439.44,5,3,3,533,11,Loyal
CUST-2834,113,5,20120.27,4,5,5,455,14,High Value
CUST-2836,331,1,8767.8,2,1,3,213,6,Churned
CUST-2837,135,4,17215.16,3,5,5,355,13,Loyal
CUST-2838,209,3,5936.45,3,4,2,342,9,Loyal
CUST-2840,131,2,2335.83,4,3,1,431,8,Loyal
CUST-2841,1,2,7761.55,5,3,3,533,11,Loyal
CUST-2842,60,1,1195.08,5,2,1,521,8,New Customer
CUST-2843,258,2,5894.98,2,3,2,232,7,At Risk
CUST-2845,25,3,19921.97,5,4,5,545,14,High Value
CUST-2847,514,2,4309.33,1,3,2,132,6,At Risk
CUST-2848,328,1,2414.68,2,2,1,221,5,Churned
CUST-2849,29,3,11462.46,5,4,4,544,13,High Value
CUST-2850,80,1,3713.84,4,2,2,422,8,New Customer
CUST-2851,360,2,5816.97,2,3,2,232,7,At Risk
CUST-2852,89,2,2920.79,4,3,1,431,8,Loyal
CUST-2853,232,2,10150.5,3,3,3,333,9,Loyal
CUST-2854,88,4,13350.55,4,5,4,454,13,High Value
CUST-2855,123,7,33784.91,4,5,5,455,14,High Value
CUST-2856,6,3,8628.12,5,4,3,543,12,Loyal
CUST-2857,323,2,7873.67,2,3,3,233,8,At Risk
CUST-2858,138,5,14016.86,3,5,4,354,12,Loyal
CUST-2859,137,1,779.81,3,2,1,321,6,Potential
CUST-2860,433,3,7337.61,1,4,3,143,8,At Risk
CUST-2861,44,4,6256.64,5,5,2,552,12,Loyal
CUST-2862,594,1,7129.82,1,2,3,123,6,Churned
CUST-2863,353,5,15483.03,2,5,4,254,11,At Risk
CUST-2864,36,3,19335.4,5,4,5,545,14,High Value
CUST-2866,596,2,1668.66,1,3,1,131,5,At Risk
CUST-2867,30,4,20460.2,5,5,5,555,15,High Value
CUST-2868,428,2,15638.69,1,3,4,134,8,At Risk
CUST-2869,379,1,5669.5,2,2,2,222,6,Churned
CUST-2871,359,3,15936.75,2,4,5,245,11,At Risk
CUST-2872,457,3,3725.16,1,4,2,142,7,At Risk
CUST-2873,679,1,3692.76,1,2,2,122,5,Churned
CUST-2874,4,5,11808.58,5,5,4,554,14,High Value
CUST-2875,470,2,4290.43,1,3,2,132,6,At Risk
CUST-2876,274,2,1714.75,2,3,1,231,6,At Risk
CUST-2877,357,2,11303.53,2,3,4,234,9,At Risk
CUST-2878,88,3,8893.13,4,4,3,443,11,Loyal
CUST-2879,164,2,6926.05,3,3,2,332,8,Loyal
CUST-2880,689,2,9306.5,1,3,3,133,7,At Risk
CUST-2881,49,2,3397.07,5,3,1,531,9,Loyal
CUST-2882,664,1,6153.4,1,2,2,122,5,Churned
CUST-2883,131,3,20922.34,4,4,5,445,13,High Value
CUST-2884,387,5,14486.69,2,5,4,254,11,At Risk
CUST-2885,151,1,857.85,3,2,1,321,6,Potential
CUST-2886,45,4,18542.3,5,5,5,555,15,High Value
CUST-2888,523,3,2943.73,1,4,1,141,6,At Risk
CUST-2889,212,5,23221.97,3,5,5,355,13,Loyal
CUST-2890,637,2,13577.78,1,3,4,134,8,At Risk
CUST-2891,234,5,23478.29,3,5,5,355,13,Loyal
CUST-2892,574,1,4606.02,1,2,2,122,5,Churned
CUST-2893,229,4,30692.15,3,5,5,355,13,Loyal
CUST-2895,162,3,14422.75,3,4,4,344,11,Loyal
CUST-2896,164,2,13784.57,3,3,4,334,10,Loyal
CUST-2897,550,2,9987.2,1,3,3,133,7,At Risk
CUST-2898,155,3,14043.51,3,4,4,344,11,Loyal
CUST-2900,276,3,20096.3,2,4,5,245,11,At Risk
CUST-2901,111,4,2111.21,4,5,1,451,10,Loyal
CUST-2902,76,7,22444.33,4,5,5,455,14,High Value
CUST-2904,80,4,12350.27,4,5,4,454,13,High Value
CUST-2905,89,1,3073.57,4,2,1,421,7,New Customer
CUST-2906,55,4,16806.42,5,5,5,555,15,High Value
CUST-2907,120,4,17674.4,4,5,5,455,14,High Value
CUST-2908,433,4,9518.06,1,5,3,153,9,At Risk
CUST-2909,260,2,17262.23,2,3,5,235,10,At Risk
CUST-2910,378,5,14267.03,2,5,4,254,11,At Risk
CUST-2911,155,1,1305.12,3,2,1,321,6,Potential
CUST-2912,258,3,3367.75,2,4,1,241,7,At Risk
CUST-2913,158,3,12863.58,3,4,4,344,11,Loyal
CUST-2915,173,1,8403.79,3,2,3,323,8,Potential
CUST-2916,321,1,557.61,2,2,1,221,5,Churned
CUST-2917,45,4,19592.32,5,5,5,555,15,High Value
CUST-2918,317,4,8921.18,2,5,3,253,10,At Risk
CUST-2919,266,1,287.09,2,2,1,221,5,Churned
CUST-2920,495,1,2052.46,1,2,1,121,4,Churned
CUST-2921,642,2,8101.41,1,3,3,133,7,At Risk
CUST-2922,72,1,1162.65,4,2,1,421,7,New Customer
CUST-2923,226,4,10207.49,3,5,3,353,11,Loyal
CUST-2924,427,1,1981.19,1,2,1,121,4,Churned
CUST-2925,166,3,10178.3,3,4,3,343,10,Loyal
CUST-2926,59,3,9283.95,5,4,3,543,12,Loyal
CUST-2927,187,2,3083.42,3,3,1,331,7,Loyal
CUST-2928,268,2,4176.03,2,3,2,232,7,At Risk
CUST-2929,141,3,6035.64,3,4,2,342,9,Loyal
CUST-2930,149,2,2133.82,3,3,1,331,7,Loyal
CUST-2931,283,4,8470.28,2,5,3,253,10,At Risk
CUST-2932,569,1,757.89,1,2,1,121,4,Churned
CUST-2933,109,4,22187.04,4,5,5,455,14,High Value
CUST-2934,580,2,6529.15,1,3,2,132,6,At Risk
CUST-2935,225,2,10483.44,3,3,3,333,9,Loyal
CUST-2936,10,6,26844.77,5,5,5,555,15,High Value
CUST-2937,181,5,23066.78,3,5,5,355,13,Loyal
CUST-2938,113,1,530.86,4,2,1,421,7,New Customer
CUST-2939,472,1,3727.94,1,2,2,122,5,Churned
CUST-2940,16,1,1180.24,5,2,1,521,8,New Customer
CUST-2941,355,5,19006.94,2,5,5,255,12,At Risk
CUST-2942,26,2,3124.48,5,3,1,531,9,Loyal
CUST-2943,17,2,4748.91,5,3,2,532,10,Loyal
CUST-2944,111,2,13576.47,4,3,4,434,11,Loyal
CUST-2945,257,2,6949.01,2,3,2,232,7,At Risk
CUST-2946,406,2,4453.22,1,3,2,132,6,At Risk
CUST-2947,463,2,1452.72,1,3,1,131,5,At Risk
CUST-2948,50,3,6386.92,5,4,2,542,11,Loyal
CUST-2949,32,4,17222.51,5,5,5,555,15,High Value
CUST-2950,446,3,6994.11,1,4,3,143,8,At Risk
CUST-2951,130,2,15181.6,4,3,4,434,11,Loyal
CUST-2952,335,3,12141.58,2,4,4,244,10,At Risk
CUST-2953,222,1,446.72,3,2,1,321,6,Potential
CUST-2954,400,2,5124.71,1,3,2,132,6,At Risk
CUST-2955,481,1,3863.58,1,2,2,122,5,Churned
CUST-2956,162,3,14069.98,3,4,4,344,11,Loyal
CUST-2957,589,1,3340.74,1,2,1,121,4,Churned
CUST-2958,25,4,8442.7,5,5,3,553,13,Loyal
CUST-2959,183,2,615.43,3,3,1,331,7,Loyal
CUST-2960,3,4,9305.01,5,5,3,553,13,Loyal
CUST-2961,163,2,7490.29,3,3,3,333,9,Loyal
CUST-2962,433,1,5661.31,1,2,2,122,5,Churned
CUST-2963,109,3,10696.67,4,4,4,444,12,High Value
CUST-2964,40,1,4698.68,5,2,2,522,9,New Customer
CUST-2965,261,1,2141.35,2,2,1,221,5,Churned
CUST-2966,99,1,1256.71,4,2,1,421,7,New Customer
CUST-2967,68,4,12517.07,4,5,4,454,13,High Value
CUST-2968,133,3,16660.81,3,4,5,345,12,Loyal
CUST-2969,225,2,4505.11,3,3,2,332,8,Loyal
CUST-2970,341,1,1485.36,2,2,1,221,5,Churned
CUST-2971,80,1,3700.7,4,2,2,422,8,New Customer
CUST-2972,33,2,1063.26,5,3,1,531,9,Loyal
CUST-2973,134,4,10852.26,3,5,4,354,12,Loyal
CUST-2974,388,1,12284.73,1,2,4,124,7,Churned
CUST-2975,132,2,9882.73,4,3,3,433,10,Loyal
CUST-2976,65,2,2911.05,4,3,1,431,8,Loyal
CUST-2977,388,1,461.14,1,2,1,121,4,Churned
CUST-2978,432,1,3899.34,1,2,2,122,5,Churned
CUST-2979,50,4,2118.79,5,5,1,551,11,Loyal
CUST-2981,93,2,8381.17,4,3,3,433,10,Loyal
CUST-2983,314,2,6713.92,2,3,2,232,7,At Risk
CUST-2984,246,1,918.06,2,2,1,221,5,Churned
CUST-2985,401,5,10684.83,1,5,4,154,10,At Risk
CUST-2986,220,3,14921.15,3,4,4,344,11,Loyal
CUST-2987,64,6,24755.71,4,5,5,455,14,High Value
CUST-2988,64,4,10809.66,4,5,4,454,13,High Value
CUST-2989,721,1,1860.46,1,2,1,121,4,Churned
CUST-2990,174,2,5522.44,3,3,2,332,8,Loyal
CUST-2991,135,5,17531.73,3,5,5,355,13,Loyal
CUST-2992,253,3,17625.18,2,4,5,245,11,At Risk
CUST-2993,3,5,32939.26,5,5,5,555,15,High Value
CUST-2994,158,4,14120.25,3,5,4,354,12,Loyal
CUST-2995,228,3,16357.08,3,4,5,345,12,Loyal
CUST-2996,22,3,4839.03,5,4,2,542,11,Loyal
CUST-2997,200,3,7240.8,3,4,3,343,10,Loyal
CUST-2998,49,4,21036.48,5,5,5,555,15,High Value
